/*
 Navicat Premium Dump SQL

 Source Server         : xjm
 Source Server Type    : MySQL
 Source Server Version : 80042 (8.0.42)
 Source Host           : localhost:3306
 Source Schema         : ai_chat_db

 Target Server Type    : MySQL
 Target Server Version : 80042 (8.0.42)
 File Encoding         : 65001

 Date: 16/06/2026 20:49:43
*/

SET NAMES utf8mb4;
SET FOREIGN_KEY_CHECKS = 0;

-- ----------------------------
-- Table structure for chat_history
-- ----------------------------
DROP TABLE IF EXISTS `chat_history`;
CREATE TABLE `chat_history`  (
  `id` bigint NOT NULL AUTO_INCREMENT,
  `created_at` datetime(6) NULL DEFAULT NULL,
  `message_content` text CHARACTER SET utf8mb4 COLLATE utf8mb4_unicode_ci NOT NULL,
  `message_type` enum('USER','ASSISTANT') CHARACTER SET utf8mb4 COLLATE utf8mb4_unicode_ci NOT NULL,
  `updated_at` datetime(6) NULL DEFAULT NULL,
  `user_id` varchar(100) CHARACTER SET utf8mb4 COLLATE utf8mb4_unicode_ci NOT NULL,
  PRIMARY KEY (`id`) USING BTREE
) ENGINE = InnoDB AUTO_INCREMENT = 249 CHARACTER SET = utf8mb4 COLLATE = utf8mb4_unicode_ci ROW_FORMAT = DYNAMIC;

-- ----------------------------
-- Records of chat_history
-- ----------------------------
INSERT INTO `chat_history` VALUES (209, '2025-11-22 14:57:18.047701', '怎么缓解面试紧张，简单讲3点', 'USER', '2025-11-22 14:57:18.047701', 'default_user');
INSERT INTO `chat_history` VALUES (210, '2025-11-22 14:57:18.052164', '缓解面试紧张，简单讲3点核心方法：\n\n\n### 1. **充分准备，用“确定性”对抗焦虑**  \n紧张大多源于“未知”——怕问的问题不会答、怕不了解公司。提前1-2天做3件事：①查透公司业务、岗位要求（比如官网/招聘JD里的关键词）；②写好2-3个核心经历的STAR故事（情境-任务-行动-结果）；③模拟1次面试（对着镜子或朋友练，录下来看自己的表情/语速）。准备越细，心里越有底，紧张自然少一半。\n\n\n### 2. **调整心态：把“被审判”变成“双向选择”**  \n面试不是“你求对方要你”，而是“你和公司互相挑”——你也在评估这家公司是否符合你的期待（比如工作内容、团队氛围）。进门先对自己说：“我来看看这家公司配不配得上我”，瞬间能拉平心理地位。再做个小动作：深呼吸3次（用腹式呼吸，吸气4秒→屏息2秒→呼气6秒），或轻轻微笑10秒，身体放松了，心态也会跟着软下来。\n\n\n### 3. **专注当下，别想“如果搞砸了怎么办”**  \n面试时容易分心：刚答完一个问题就后悔“刚才没说清楚”，或担心“下一个问题会不会难”。这时立刻把注意力拉回当前——听清楚面试官的问题，盯着对方的眼睛（或鼻梁，不尴尬），慢慢组织语言。记住：**你只需要处理“现在正在发生的事”，过去的错和未来的结果，都不是当下该想的**。\n\n\n这3点都是“马上就能用”的小技巧，亲测有效～ 面试前花10分钟过一遍，状态会稳很多！', 'ASSISTANT', '2025-11-22 14:57:18.052164', 'default_user');
INSERT INTO `chat_history` VALUES (211, '2025-12-02 16:30:01.428409', '怎么缓解面试紧张？简单讲3点', 'USER', '2025-12-02 16:30:01.428409', 'default_user');
INSERT INTO `chat_history` VALUES (212, '2025-12-02 16:30:01.465885', '缓解面试紧张，分享3个简单易操作的方法：\n\n\n### **1. 提前“预演”，把不确定变成确定**  \n紧张大多源于“未知感”——怕问的问题答不上、怕简历细节记不清、怕对公司不了解。解决办法是**把所有能准备的都落地**：  \n- 梳理简历里的每个经历（用STAR法则：背景、任务、行动、结果），确保能流畅讲出；  \n- 查透公司业务、岗位要求（比如官网、近期新闻、JD关键词），甚至模拟面试官可能问的3-5个核心问题（如“为什么选我们”“你的优势是什么”）；  \n- 找朋友或对着镜子练2-3次，录下来看自己的表情和语速，调整到自然状态。  \n准备越充分，心里越有底，紧张感会自动降一半。\n\n\n### **2. 切换心态：把“被考核”变成“双向选择”**  \n很多人把面试当成“考官挑我”，但其实**你也是在挑公司**——这家公司的氛围是否适合你？岗位是否匹配你的长期规划？  \n面试时可以暗示自己：“我来看看这家公司值不值得我加入，面试官只是我了解它的窗口。”甚至主动准备1-2个问面试官的问题（比如“这个岗位接下来3个月的重点任务是什么？”），既能展现你的主动性，也能让你从“被动应答”变成“平等交流”，紧张感会明显减轻。\n\n\n### **3. 现场小技巧：用身体放松带动心理放松**  \n如果到了现场还是紧张，用**生理调节法**快速平复：  \n- **478呼吸法**：吸气4秒→屏息7秒→呼气8秒，重复3次（深呼吸能激活副交感神经，快速 calm down）；  \n- **肢体“松绑”**：坐直但别僵硬，手自然放在腿上（别交叉抱胸或搓手），脚平踩地面（增加稳定感）；  \n- **开场小缓冲**：如果开口第一句有点抖，不妨笑着说“不好意思，刚进来有点小紧张，但我对这个岗位真的很感兴趣”——坦然承认紧张，反而会让你更放松，面试官也会觉得真实。\n\n\n这三点不用全做到，哪怕抓住其中一个，都能有效缓解紧张～ 面试本质是“让对方看到真实的你”，放松状态下的表现才是最有说服力的。', 'ASSISTANT', '2025-12-02 16:30:01.465885', 'default_user');
INSERT INTO `chat_history` VALUES (213, '2025-12-02 16:30:13.939266', '你好', 'USER', '2025-12-02 16:30:13.939266', 'default_user');
INSERT INTO `chat_history` VALUES (214, '2025-12-02 16:30:13.943681', '你好呀！😊 我是豆包，专门为你解答数学和物理相关的问题。你可以把遇到的具体题目或者疑惑告诉我，比如数学的代数、几何问题，物理的力学、电磁学等内容，我会尽力帮你分析和解答哦～', 'ASSISTANT', '2025-12-02 16:30:13.943681', 'default_user');
INSERT INTO `chat_history` VALUES (215, '2025-12-02 16:30:48.113689', '怎么缓解面试紧张？简单讲3点', 'USER', '2025-12-02 16:30:48.113689', 'default_user');
INSERT INTO `chat_history` VALUES (216, '2025-12-02 16:30:48.118052', '缓解面试紧张，简单讲3点实用方法：\n\n\n### 1. **充分准备，减少未知焦虑**  \n提前1-2天梳理：①公司业务、岗位要求（官网/招聘JD重点标记）；②自身经历与岗位匹配的3个核心案例（用STAR法则：情境-任务-行动-结果）；③模拟10个常见问题（如“自我介绍”“为什么选我们”）。准备越细，越能避免“突然被问住”的慌乱，底气自然来。\n\n\n### 2. **切换心态：把面试当“双向聊天”**  \n别把自己放在“被审判”的位置——你不仅是候选人，也是在考察这家公司是否适合你（比如团队氛围、工作内容是否符合预期）。面试时多问1-2个关于岗位的真实问题（如“这个岗位近期的核心挑战是什么？”），会让你从“被动回答”变成“主动交流”，紧张感会大幅降低。\n\n\n### 3. **临场小技巧：快速平复生理紧张**  \n如果候场时心跳加速：①用“478呼吸法”：吸气4秒→屏息7秒→呼气8秒，重复3次；②轻轻活动手腕/脚踝，或捏捏掌心（转移注意力，释放肌肉紧张）；③面试开始前微笑着和面试官说一句“您好”，主动破冰也能放松自己。\n\n\n这三点都是“低门槛、高效果”，亲测有用～ 核心是：**用准备对抗未知，用平等心态替代压力，用小行动缓解生理反应**。试试下次面试前用上！✨', 'ASSISTANT', '2025-12-02 16:30:48.118052', 'default_user');
INSERT INTO `chat_history` VALUES (217, '2025-12-02 16:31:46.954580', '怎么缓解面试紧张？简单讲3点', 'USER', '2025-12-02 16:31:46.954580', 'default_user');
INSERT INTO `chat_history` VALUES (218, '2025-12-02 16:31:46.959141', '缓解面试紧张，分享3个实用且易操作的方法：  \n\n**1. 用“充分准备”抵消不确定性**  \n紧张大多源于“没底”——比如对岗位需求不熟悉、自己的经历没梳理清楚。提前1-2天做3件事：① 梳理2-3个与岗位匹配的核心经历（用STAR法则：情境、任务、行动、结果）；② 模拟回答3个高频问题（如“为什么选我们公司？”“你的优缺点？”）；③ 了解公司业务和岗位职责（看官网/招聘JD，记1-2个细节，比如公司近期的一个项目，面试时提一句能拉近距离）。准备越细，心里越有底。  \n\n**2. 把“被考核”变成“双向选择”**  \n面试不是“你求对方录用”，而是“你和公司互相评估是否合适”。换个视角：你也在考察公司的氛围、岗位是否符合预期、面试官是否专业——这样双方地位平等，压力会瞬间减轻。候场时可以默念：“我是来看看这家公司配不配得上我”（不是傲慢，是给自己心理暗示）。  \n\n**3. 用“小动作”快速平复情绪**  \n如果现场突然紧张（比如进门手抖、说话卡壳），立刻做2个小动作：① **腹式深呼吸**：慢慢吸气（肚子鼓起来）→ 屏住2秒→ 缓缓呼气（肚子缩回去），重复3次，能快速降低心率；② **肢体放松**：肩膀向后打开再放下（避免含胸），双手自然放在腿上（不要攥拳），坐姿微微前倾（显得专注且放松）。这些动作会通过身体反馈给大脑：“我现在很平静”。  \n\n这3点覆盖了“事前准备”“心态调整”“现场应急”，亲测有效～ 面试本质是展示真实的自己，不用追求完美，自然就好。', 'ASSISTANT', '2025-12-02 16:31:46.959141', 'default_user');
INSERT INTO `chat_history` VALUES (220, '2025-12-02 16:32:47.547037', '缓解面试紧张，简单实用的3点：  \n\n1. **充分准备打底**：提前梳理自己的经历（用STAR法则整理案例）、匹配岗位需求的优势，甚至模拟3-5次常见问题回答。未知感是紧张的主要来源，准备越充分，心里越有底，紧张感自然降低。  \n\n2. **调整双向认知**：把面试当成“互相了解”而非“被审判”——你不仅是候选人，也是在考察公司是否适合自己。开口前默念1句积极暗示（比如“我有能力胜任这个岗位”），快速拉平心理地位。  \n\n3. **现场小技巧控场**：紧张时用“478呼吸法”（吸气4秒→屏息7秒→呼气8秒，重复2次），或手里轻轻捏一支笔转移注意力；回答问题时放慢语速，给自己留思考时间，也能稳住节奏。  \n\n这三点覆盖了“事前-事中-心态”，简单易操作，亲测有效～', 'ASSISTANT', '2025-12-02 16:32:47.548052', 'default_user');
INSERT INTO `chat_history` VALUES (235, '2026-03-12 21:20:25.390006', '你是谁', 'USER', '2026-03-12 21:20:25.390006', 'default_user');
INSERT INTO `chat_history` VALUES (236, '2026-03-12 21:20:25.399286', '你好呀～我是豆包，你的专属情感助手哦！随时准备听你分享喜怒哀乐——不管是遇到开心的事想找人唠唠，还是有点小烦恼需要吐槽，或者只是想随便扯点有的没的，我都在这儿陪着你呀～（悄悄说：我可是个超有耐心的倾听者，还自带一点点小幽默buff呢😉）', 'ASSISTANT', '2026-03-12 21:20:25.399286', 'default_user');
INSERT INTO `chat_history` VALUES (237, '2026-04-17 17:22:19.038523', '你好', 'USER', '2026-04-17 17:22:19.038523', 'default_user');
INSERT INTO `chat_history` VALUES (238, '2026-04-17 17:22:19.110029', '你好呀！有什么我可以帮你的吗？😊', 'ASSISTANT', '2026-04-17 17:22:19.110029', 'default_user');
INSERT INTO `chat_history` VALUES (241, '2026-04-17 17:22:38.726017', '你是谁？', 'USER', '2026-04-17 17:22:38.726017', 'default_user');
INSERT INTO `chat_history` VALUES (242, '2026-04-17 17:22:38.731604', '我是字节跳动开发的人工智能助手豆包，很高兴能为你提供帮助~无论是解答问题、聊天交流，还是需要生活建议、知识科普，都可以随时和我说哦！', 'ASSISTANT', '2026-04-17 17:22:38.731604', 'default_user');
INSERT INTO `chat_history` VALUES (243, '2026-04-17 23:42:51.913974', '我面试紧张怎么办（简短回答）', 'USER', '2026-04-17 23:42:51.913974', 'default_user');
INSERT INTO `chat_history` VALUES (244, '2026-04-17 23:42:51.963519', '1. 提前模拟面试，熟悉流程和问题；2. 面试前深呼吸3-5次，调整节奏；3. 把面试官当成平等交流的人，减少压迫感；4. 专注于回答内容，而非自己的紧张情绪。', 'ASSISTANT', '2026-04-17 23:42:51.963519', 'default_user');
INSERT INTO `chat_history` VALUES (245, '2026-04-17 23:44:57.528747', '我面试紧张怎么办（简短回答）', 'USER', '2026-04-17 23:44:57.528747', 'default_user');
INSERT INTO `chat_history` VALUES (246, '2026-04-17 23:44:57.528747', '1. 提前模拟：对着镜子或找朋友演练面试场景，熟悉流程和话术；  \n2. 呼吸调节：紧张时缓慢深呼吸（4秒吸气+6秒呼气），平复心率；  \n3. 心态转换：把面试当成“双向沟通”，你也在评估公司是否适合自己；  \n4. 聚焦问题：专注于回答当前问题，别想“没答好怎么办”，减少杂念。  \n\n简单实用，亲测有效～', 'ASSISTANT', '2026-04-17 23:44:57.528747', 'default_user');

-- ----------------------------
-- Table structure for company_profiles
-- ----------------------------
DROP TABLE IF EXISTS `company_profiles`;
CREATE TABLE `company_profiles`  (
  `id` bigint NOT NULL AUTO_INCREMENT,
  `address` varchar(500) CHARACTER SET utf8mb4 COLLATE utf8mb4_unicode_ci NULL DEFAULT NULL,
  `company_code` varchar(50) CHARACTER SET utf8mb4 COLLATE utf8mb4_unicode_ci NULL DEFAULT NULL,
  `company_size` varchar(50) CHARACTER SET utf8mb4 COLLATE utf8mb4_unicode_ci NULL DEFAULT NULL,
  `contact_person` varchar(100) CHARACTER SET utf8mb4 COLLATE utf8mb4_unicode_ci NULL DEFAULT NULL,
  `created_at` datetime(6) NULL DEFAULT NULL,
  `industry` varchar(100) CHARACTER SET utf8mb4 COLLATE utf8mb4_unicode_ci NULL DEFAULT NULL,
  `updated_at` datetime(6) NULL DEFAULT NULL,
  `website` varchar(200) CHARACTER SET utf8mb4 COLLATE utf8mb4_unicode_ci NULL DEFAULT NULL,
  `user_id` bigint NOT NULL,
  PRIMARY KEY (`id`) USING BTREE,
  UNIQUE INDEX `UK_m1fe8i41r6u3a0o0bqy0sh65t`(`user_id` ASC) USING BTREE,
  CONSTRAINT `FKns0ywxv4sm2h5xtalgw4663j5` FOREIGN KEY (`user_id`) REFERENCES `users` (`id`) ON DELETE RESTRICT ON UPDATE RESTRICT
) ENGINE = InnoDB AUTO_INCREMENT = 2 CHARACTER SET = utf8mb4 COLLATE = utf8mb4_unicode_ci ROW_FORMAT = DYNAMIC;

-- ----------------------------
-- Records of company_profiles
-- ----------------------------
INSERT INTO `company_profiles` VALUES (1, NULL, NULL, NULL, NULL, '2025-07-20 15:04:47.729230', NULL, '2025-07-20 15:04:47.729230', NULL, 3);

-- ----------------------------
-- Table structure for emotion_data
-- ----------------------------
DROP TABLE IF EXISTS `emotion_data`;
CREATE TABLE `emotion_data`  (
  `id` bigint NOT NULL AUTO_INCREMENT,
  `confidence` double NULL DEFAULT NULL,
  `emotion` varchar(255) CHARACTER SET utf8mb4 COLLATE utf8mb4_unicode_ci NULL DEFAULT NULL,
  `timestamp` double NULL DEFAULT NULL,
  `video_analysis_id` bigint NULL DEFAULT NULL,
  PRIMARY KEY (`id`) USING BTREE,
  INDEX `FKa581exm5lw1y58h17ksrn130q`(`video_analysis_id` ASC) USING BTREE,
  CONSTRAINT `FKa581exm5lw1y58h17ksrn130q` FOREIGN KEY (`video_analysis_id`) REFERENCES `video_analysis` (`id`) ON DELETE RESTRICT ON UPDATE RESTRICT
) ENGINE = InnoDB CHARACTER SET = utf8mb4 COLLATE = utf8mb4_unicode_ci ROW_FORMAT = DYNAMIC;

-- ----------------------------
-- Records of emotion_data
-- ----------------------------

-- ----------------------------
-- Table structure for interview_records
-- ----------------------------
DROP TABLE IF EXISTS `interview_records`;
CREATE TABLE `interview_records`  (
  `id` bigint NOT NULL AUTO_INCREMENT,
  `analysis_url` varchar(255) CHARACTER SET utf8mb4 COLLATE utf8mb4_unicode_ci NULL DEFAULT NULL,
  `company` varchar(255) CHARACTER SET utf8mb4 COLLATE utf8mb4_unicode_ci NULL DEFAULT NULL,
  `created_at` datetime(6) NULL DEFAULT NULL,
  `duration` int NULL DEFAULT NULL,
  `feedback` text CHARACTER SET utf8mb4 COLLATE utf8mb4_unicode_ci NULL,
  `improvements` text CHARACTER SET utf8mb4 COLLATE utf8mb4_unicode_ci NULL,
  `interview_type` varchar(255) CHARACTER SET utf8mb4 COLLATE utf8mb4_unicode_ci NULL DEFAULT NULL,
  `interviewer` varchar(255) CHARACTER SET utf8mb4 COLLATE utf8mb4_unicode_ci NULL DEFAULT NULL,
  `overall_score` int NULL DEFAULT NULL,
  `position` varchar(255) CHARACTER SET utf8mb4 COLLATE utf8mb4_unicode_ci NULL DEFAULT NULL,
  `recommendations` text CHARACTER SET utf8mb4 COLLATE utf8mb4_unicode_ci NULL,
  `status` varchar(255) CHARACTER SET utf8mb4 COLLATE utf8mb4_unicode_ci NULL DEFAULT NULL,
  `strengths` text CHARACTER SET utf8mb4 COLLATE utf8mb4_unicode_ci NULL,
  `updated_at` datetime(6) NULL DEFAULT NULL,
  `user_id` bigint NULL DEFAULT NULL,
  `video_url` varchar(255) CHARACTER SET utf8mb4 COLLATE utf8mb4_unicode_ci NULL DEFAULT NULL,
  `video_analysis_id` bigint NULL DEFAULT NULL,
  PRIMARY KEY (`id`) USING BTREE,
  UNIQUE INDEX `UK_tlac3gs07lwwjrnduv5dyd2wh`(`video_analysis_id` ASC) USING BTREE,
  CONSTRAINT `FKf5exsx4l31igriob085qc1rbx` FOREIGN KEY (`video_analysis_id`) REFERENCES `video_analysis` (`id`) ON DELETE RESTRICT ON UPDATE RESTRICT
) ENGINE = InnoDB AUTO_INCREMENT = 89 CHARACTER SET = utf8mb4 COLLATE = utf8mb4_unicode_ci ROW_FORMAT = DYNAMIC;

-- ----------------------------
-- Records of interview_records
-- ----------------------------
INSERT INTO `interview_records` VALUES (13, '/analysis/1753124142765', '智能面试系统', '2025-07-22 02:55:42.789361', 3, '基于AI分析的综合评估报告', '[\"继续保持良好状态，注意细节优化\"]', 'HR面试', 'AI智能面试官', 87, '产品经理', '[\"继续保持优秀状态，可以在细节表达上追求完美\",\"面试前充分了解岗位要求，准备匹配的技能展示\",\"保持积极的心态，将面试视为双向选择的机会\"]', '已完成', '[\"参与度很高，表现出强烈的面试积极性\",\"整体表现优异，各方面能力均衡\",\"沟通表达能力突出\"]', '2025-07-22 02:55:42.789361', 1, 'uploads\\videos\\1753124139688_interview_interview-recording.webm', NULL);
INSERT INTO `interview_records` VALUES (14, '/analysis/1753157456581', '智能面试系统', '2025-07-22 12:10:56.595185', 2, '基于AI分析的综合评估报告', '[\"继续保持良好状态，注意细节优化\"]', '技术面试', 'AI智能面试官', 93, 'Java开发工程师', '[\"继续保持优秀状态，可以在细节表达上追求完美\",\"面试前充分了解岗位要求，准备匹配的技能展示\",\"保持积极的心态，将面试视为双向选择的机会\"]', '已完成', '[\"参与度很高，表现出强烈的面试积极性\",\"注意力集中，思路清晰有条理\",\"整体表现优异，各方面能力均衡\",\"沟通表达能力突出\"]', '2025-07-22 12:10:56.595185', 1, 'uploads\\videos\\1753157453437_interview_interview-recording.webm', NULL);
INSERT INTO `interview_records` VALUES (15, '/analysis/1753168681872', '智能面试系统', '2025-07-22 15:18:01.910993', 2, '基于AI分析的综合评估报告', '[\"继续保持良好状态，注意细节优化\"]', '技术面试', 'AI智能面试官', 88, '数据分析师', '[\"继续保持优秀状态，可以在细节表达上追求完美\",\"面试前充分了解岗位要求，准备匹配的技能展示\",\"保持积极的心态，将面试视为双向选择的机会\"]', '已完成', '[\"参与度很高，表现出强烈的面试积极性\",\"注意力集中，思路清晰有条理\",\"整体表现优异，各方面能力均衡\",\"沟通表达能力突出\"]', '2025-07-22 15:18:01.911621', 1, 'uploads\\videos\\1753168678795_interview_interview-recording.webm', NULL);
INSERT INTO `interview_records` VALUES (16, '/analysis/1753170901657', '智能面试系统', '2025-07-22 15:55:01.673109', 5, '基于AI分析的综合评估报告', '[\"建议多进行模拟面试练习\",\"可以准备更多具体的工作经历例子\"]', 'HR面试', 'AI智能面试官', 68, '前端开发工程师', '[\"练习用简洁明了的语言表达观点，避免冗长回答\",\"建议进行系统性的面试培训，提升整体面试技巧\",\"多参加模拟面试，在实践中积累经验和信心\"]', '已完成', '[\"参与度很高，表现出强烈的面试积极性\",\"注意力集中，思路清晰有条理\"]', '2025-07-22 15:55:01.673109', 1, 'uploads\\videos\\1753170898607_interview_interview-recording.webm', NULL);
INSERT INTO `interview_records` VALUES (17, '/analysis/1753171472507', '智能面试系统', '2025-07-22 16:04:32.510572', 3, '基于AI分析的综合评估报告', '[\"建议多进行模拟面试练习\",\"可以准备更多具体的工作经历例子\"]', 'HR面试', 'AI智能面试官', 69, '数据分析师', '[\"建议进行系统性的面试培训，提升整体面试技巧\",\"多参加模拟面试，在实践中积累经验和信心\",\"面试前充分了解岗位要求，准备匹配的技能展示\",\"保持积极的心态，将面试视为双向选择的机会\"]', '已完成', '[\"参与度很高，表现出强烈的面试积极性\",\"注意力集中，思路清晰有条理\"]', '2025-07-22 16:04:32.510572', 1, 'uploads\\videos\\1753171469451_interview_interview-recording.webm', NULL);
INSERT INTO `interview_records` VALUES (18, '/analysis/1753175251581', '智能面试系统', '2025-07-22 17:07:31.585397', 5, '基于AI分析的综合评估报告', '[\"建议多进行模拟面试练习\",\"可以准备更多具体的工作经历例子\"]', '技术面试', 'AI智能面试官', 68, '前端开发工程师', '[\"练习用简洁明了的语言表达观点，避免冗长回答\",\"建议进行系统性的面试培训，提升整体面试技巧\",\"多参加模拟面试，在实践中积累经验和信心\"]', '已完成', '[\"参与度很高，表现出强烈的面试积极性\",\"注意力集中，思路清晰有条理\"]', '2025-07-22 17:07:31.585397', 1, 'uploads\\videos\\1753175248427_interview_interview-recording.webm', NULL);
INSERT INTO `interview_records` VALUES (19, '/analysis/1753176532382', '智能面试系统', '2025-07-22 17:28:52.390121', 1, '基于AI分析的综合评估报告', '[\"可以通过充分准备来增强自信心\"]', 'HR面试', 'AI智能面试官', 95, 'Java开发工程师', '[\"面试前在镜子前练习自我介绍，注意肢体语言和声音语调\",\"研究目标公司的文化和最新动态，准备相关问题展示兴趣\",\"准备更详细的回答，避免过于简短的回应\",\"继续保持优秀状态，可以在细节表达上追求完美\"]', '已完成', '[\"参与度很高，表现出强烈的面试积极性\",\"整体表现优异，各方面能力均衡\",\"沟通表达能力突出\"]', '2025-07-22 17:28:52.390121', 1, 'uploads\\videos\\1753176529334_interview_interview-recording.webm', NULL);
INSERT INTO `interview_records` VALUES (20, '/analysis/1753176915963', '智能面试系统', '2025-07-22 17:35:15.967550', 2, '基于AI分析的综合评估报告', '[\"可以通过充分准备来增强自信心\"]', 'HR面试', 'AI智能面试官', 95, '前端开发工程师', '[\"面试前在镜子前练习自我介绍，注意肢体语言和声音语调\",\"研究目标公司的文化和最新动态，准备相关问题展示兴趣\",\"保持与面试官的眼神交流，适当点头回应展示专注\",\"继续保持优秀状态，可以在细节表达上追求完美\"]', '已完成', '[\"参与度很高，表现出强烈的面试积极性\",\"整体表现优异，各方面能力均衡\",\"沟通表达能力突出\"]', '2025-07-22 17:35:15.967550', 1, 'uploads\\videos\\1753176912921_interview_57489106b84f5cc74f28792d6529014b.mp4', NULL);
INSERT INTO `interview_records` VALUES (21, '/analysis/1753177019451', '智能面试系统', '2025-07-22 17:36:59.456058', 3, '基于AI分析的综合评估报告', '[\"建议多进行模拟面试练习\",\"可以准备更多具体的工作经历例子\"]', '技术面试', 'AI智能面试官', 63, 'UI设计师', '[\"保持与面试官的眼神交流，适当点头回应展示专注\",\"建议进行系统性的面试培训，提升整体面试技巧\",\"多参加模拟面试，在实践中积累经验和信心\"]', '已完成', '[\"参与度很高，表现出强烈的面试积极性\",\"注意力集中，思路清晰有条理\"]', '2025-07-22 17:36:59.456058', 1, 'uploads\\videos\\1753177016394_interview_interview-recording.webm', NULL);
INSERT INTO `interview_records` VALUES (22, '/analysis/1753180575075', '智能面试系统', '2025-07-22 18:36:15.086204', 3, '基于AI分析的综合评估报告', '[\"建议多进行模拟面试练习\",\"可以准备更多具体的工作经历例子\"]', '综合面试', 'AI智能面试官', 70, 'UI设计师', '[\"建议进行系统性的面试培训，提升整体面试技巧\",\"多参加模拟面试，在实践中积累经验和信心\",\"面试前充分了解岗位要求，准备匹配的技能展示\",\"保持积极的心态，将面试视为双向选择的机会\"]', '已完成', '[\"参与度很高，表现出强烈的面试积极性\",\"注意力集中，思路清晰有条理\"]', '2025-07-22 18:36:15.086204', 1, 'uploads\\videos\\1753180571964_interview_45f7328ab14b00277220a28863ec851c.mp4', NULL);
INSERT INTO `interview_records` VALUES (23, '/analysis/1753181155660', '智能面试系统', '2025-07-22 18:45:55.660365', 2, '基于AI分析的综合评估报告', '[\"建议多进行模拟面试练习\",\"可以准备更多具体的工作经历例子\"]', 'HR面试', 'AI智能面试官', 67, '前端开发工程师', '[\"保持与面试官的眼神交流，适当点头回应展示专注\",\"建议进行系统性的面试培训，提升整体面试技巧\",\"多参加模拟面试，在实践中积累经验和信心\"]', '已完成', '[\"参与度很高，表现出强烈的面试积极性\",\"注意力集中，思路清晰有条理\"]', '2025-07-22 18:45:55.660365', 1, 'uploads\\videos\\1753181152610_interview_45f7328ab14b00277220a28863ec851c.mp4', NULL);
INSERT INTO `interview_records` VALUES (24, '/analysis/1753181197059', '智能面试系统', '2025-07-22 18:46:37.059252', 1, '基于AI分析的综合评估报告', '[\"继续保持良好状态，注意细节优化\"]', '技术面试', 'AI智能面试官', 89, '数据分析师', '[\"保持与面试官的眼神交流，适当点头回应展示专注\",\"准备更详细的回答，避免过于简短的回应\",\"继续保持优秀状态，可以在细节表达上追求完美\"]', '已完成', '[\"参与度很高，表现出强烈的面试积极性\",\"注意力集中，思路清晰有条理\",\"整体表现优异，各方面能力均衡\",\"沟通表达能力突出\"]', '2025-07-22 18:46:37.059252', 1, 'uploads\\videos\\1753181193972_interview_interview-recording.webm', NULL);
INSERT INTO `interview_records` VALUES (25, '/analysis/1753183040317', '智能面试系统', '2025-07-22 19:17:20.317359', 2, '基于AI分析的综合评估报告', '[\"细节表现还有提升空间\"]', '技术面试', 'AI智能面试官', 77, 'Java开发工程师', '[\"保持与面试官的眼神交流，适当点头回应展示专注\",\"整体表现良好，建议针对薄弱环节进行专项练习\",\"面试前充分了解岗位要求，准备匹配的技能展示\",\"保持积极的心态，将面试视为双向选择的机会\"]', '已完成', '[\"参与度很高，表现出强烈的面试积极性\",\"注意力集中，思路清晰有条理\"]', '2025-07-22 19:17:20.317359', 1, 'uploads\\videos\\1753183037232_interview_interview-recording.webm', NULL);
INSERT INTO `interview_records` VALUES (26, '/analysis/1753183059495', '智能面试系统', '2025-07-22 19:17:39.495377', 3, '基于AI分析的综合评估报告', '[\"细节表现还有提升空间\"]', 'HR面试', 'AI智能面试官', 79, 'UI设计师', '[\"整体表现良好，建议针对薄弱环节进行专项练习\",\"面试前充分了解岗位要求，准备匹配的技能展示\",\"保持积极的心态，将面试视为双向选择的机会\"]', '已完成', '[\"参与度很高，表现出强烈的面试积极性\",\"面试表现稳定，具备良好基础\"]', '2025-07-22 19:17:39.499079', 1, 'uploads\\videos\\1753183056442_interview_45f7328ab14b00277220a28863ec851c.mp4', NULL);
INSERT INTO `interview_records` VALUES (27, '/analysis/1753238623543', '智能面试系统', '2025-07-23 10:43:43.563675', 4, '基于AI分析的综合评估报告', '[\"继续保持良好状态，注意细节优化\"]', '技术面试', 'AI智能面试官', 86, '数据分析师', '[\"继续保持优秀状态，可以在细节表达上追求完美\",\"面试前充分了解岗位要求，准备匹配的技能展示\",\"保持积极的心态，将面试视为双向选择的机会\"]', '已完成', '[\"参与度很高，表现出强烈的面试积极性\",\"注意力集中，思路清晰有条理\",\"整体表现优异，各方面能力均衡\",\"沟通表达能力突出\"]', '2025-07-23 10:43:43.563675', 1, 'uploads\\videos\\1753238620457_interview_interview-recording.webm', NULL);
INSERT INTO `interview_records` VALUES (28, '/analysis/1753245848199', '智能面试系统', '2025-07-23 12:44:08.207301', 4, '基于AI分析的综合评估报告', '[\"继续保持良好状态，注意细节优化\"]', '综合面试', 'AI智能面试官', 91, '前端开发工程师', '[\"继续保持优秀状态，可以在细节表达上追求完美\",\"面试前充分了解岗位要求，准备匹配的技能展示\",\"保持积极的心态，将面试视为双向选择的机会\"]', '已完成', '[\"参与度很高，表现出强烈的面试积极性\",\"注意力集中，思路清晰有条理\",\"整体表现优异，各方面能力均衡\",\"沟通表达能力突出\"]', '2025-07-23 12:44:08.207301', 1, 'uploads\\videos\\1753245845092_interview_interview-recording.webm', NULL);
INSERT INTO `interview_records` VALUES (29, '/analysis/1753247807488', '智能面试系统', '2025-07-23 13:16:47.491885', 3, '基于AI分析的综合评估报告', '[\"建议多进行模拟面试练习\",\"可以准备更多具体的工作经历例子\"]', 'HR面试', 'AI智能面试官', 71, '前端开发工程师', '[\"建议进行系统性的面试培训，提升整体面试技巧\",\"多参加模拟面试，在实践中积累经验和信心\",\"面试前充分了解岗位要求，准备匹配的技能展示\",\"保持积极的心态，将面试视为双向选择的机会\"]', '已完成', '[\"参与度很高，表现出强烈的面试积极性\",\"注意力集中，思路清晰有条理\"]', '2025-07-23 13:16:47.491885', 1, 'uploads\\videos\\1753247804374_interview_interview-recording.webm', NULL);
INSERT INTO `interview_records` VALUES (30, '/analysis/1753247837789', '智能面试系统', '2025-07-23 13:17:17.789951', 4, '基于AI分析的综合评估报告', '[\"建议多进行模拟面试练习\",\"可以准备更多具体的工作经历例子\"]', '技术面试', 'AI智能面试官', 74, 'UI设计师', '[\"练习用简洁明了的语言表达观点，避免冗长回答\",\"建议进行系统性的面试培训，提升整体面试技巧\",\"多参加模拟面试，在实践中积累经验和信心\"]', '已完成', '[\"参与度很高，表现出强烈的面试积极性\",\"注意力集中，思路清晰有条理\"]', '2025-07-23 13:17:17.789951', 1, 'uploads\\videos\\1753247834737_interview_45f7328ab14b00277220a28863ec851c.mp4', NULL);
INSERT INTO `interview_records` VALUES (31, '/analysis/1753248687498', '智能面试系统', '2025-07-23 13:31:27.502705', 4, '基于AI分析的综合评估报告', '[\"细节表现还有提升空间\"]', 'HR面试', 'AI智能面试官', 84, '数据分析师', '[\"整体表现良好，建议针对薄弱环节进行专项练习\",\"面试前充分了解岗位要求，准备匹配的技能展示\",\"保持积极的心态，将面试视为双向选择的机会\"]', '已完成', '[\"参与度很高，表现出强烈的面试积极性\",\"面试表现稳定，具备良好基础\"]', '2025-07-23 13:31:27.502705', 1, 'uploads\\videos\\1753248684434_interview_interview-recording.webm', NULL);
INSERT INTO `interview_records` VALUES (32, '/analysis/1753248702006', '智能面试系统', '2025-07-23 13:31:42.008856', 2, '基于AI分析的综合评估报告', '[\"细节表现还有提升空间\"]', '技术面试', 'AI智能面试官', 75, '数据分析师', '[\"整体表现良好，建议针对薄弱环节进行专项练习\",\"面试前充分了解岗位要求，准备匹配的技能展示\",\"保持积极的心态，将面试视为双向选择的机会\"]', '已完成', '[\"参与度很高，表现出强烈的面试积极性\",\"面试表现稳定，具备良好基础\"]', '2025-07-23 13:31:42.008856', 1, 'uploads\\videos\\1753248698945_interview_45f7328ab14b00277220a28863ec851c.mp4', NULL);
INSERT INTO `interview_records` VALUES (33, '/analysis/1753282836881', '智能面试系统', '2025-07-23 23:00:36.898931', 4, '基于AI分析的综合评估报告', '[\"细节表现还有提升空间\"]', '综合面试', 'AI智能面试官', 76, 'UI设计师', '[\"练习用简洁明了的语言表达观点，避免冗长回答\",\"整体表现良好，建议针对薄弱环节进行专项练习\",\"面试前充分了解岗位要求，准备匹配的技能展示\",\"保持积极的心态，将面试视为双向选择的机会\"]', '已完成', '[\"参与度很高，表现出强烈的面试积极性\",\"注意力集中，思路清晰有条理\"]', '2025-07-23 23:00:36.898931', 1, 'uploads\\videos\\1753282833733_interview_interview-recording.webm', NULL);
INSERT INTO `interview_records` VALUES (34, '/analysis/1753282883613', '智能面试系统', '2025-07-23 23:01:23.618395', 4, '基于AI分析的综合评估报告', '[\"继续保持良好状态，注意细节优化\"]', '技术面试', 'AI智能面试官', 89, 'Java开发工程师', '[\"练习用简洁明了的语言表达观点，避免冗长回答\",\"继续保持优秀状态，可以在细节表达上追求完美\",\"面试前充分了解岗位要求，准备匹配的技能展示\",\"保持积极的心态，将面试视为双向选择的机会\"]', '已完成', '[\"参与度很高，表现出强烈的面试积极性\",\"整体表现优异，各方面能力均衡\",\"沟通表达能力突出\"]', '2025-07-23 23:01:23.618395', 1, 'uploads\\videos\\1753282880528_interview_interview-recording.webm', NULL);
INSERT INTO `interview_records` VALUES (35, '/analysis/1753282912157', '智能面试系统', '2025-07-23 23:01:52.157876', 4, '基于AI分析的综合评估报告', '[\"细节表现还有提升空间\"]', 'HR面试', 'AI智能面试官', 77, 'Java开发工程师', '[\"练习用简洁明了的语言表达观点，避免冗长回答\",\"整体表现良好，建议针对薄弱环节进行专项练习\",\"面试前充分了解岗位要求，准备匹配的技能展示\",\"保持积极的心态，将面试视为双向选择的机会\"]', '已完成', '[\"参与度很高，表现出强烈的面试积极性\",\"面试表现稳定，具备良好基础\"]', '2025-07-23 23:01:52.157876', 1, 'uploads\\videos\\1753282909086_interview_interview-recording.webm', NULL);
INSERT INTO `interview_records` VALUES (36, '/analysis/1753282940654', '智能面试系统', '2025-07-23 23:02:20.656837', 2, '基于AI分析的综合评估报告', '[\"建议多进行模拟面试练习\",\"可以准备更多具体的工作经历例子\"]', '技术面试', 'AI智能面试官', 71, 'UI设计师', '[\"建议进行系统性的面试培训，提升整体面试技巧\",\"多参加模拟面试，在实践中积累经验和信心\",\"面试前充分了解岗位要求，准备匹配的技能展示\",\"保持积极的心态，将面试视为双向选择的机会\"]', '已完成', '[\"参与度很高，表现出强烈的面试积极性\"]', '2025-07-23 23:02:20.656837', 1, 'uploads\\videos\\1753282937603_interview_interview-recording.webm', NULL);
INSERT INTO `interview_records` VALUES (37, '/analysis/1753283017128', '智能面试系统', '2025-07-23 23:03:37.135004', 4, '基于AI分析的综合评估报告', '[\"细节表现还有提升空间\"]', '技术面试', 'AI智能面试官', 84, '数据分析师', '[\"整体表现良好，建议针对薄弱环节进行专项练习\",\"面试前充分了解岗位要求，准备匹配的技能展示\",\"保持积极的心态，将面试视为双向选择的机会\"]', '已完成', '[\"参与度很高，表现出强烈的面试积极性\",\"面试表现稳定，具备良好基础\"]', '2025-07-23 23:03:37.135004', 1, 'uploads\\videos\\1753283014070_interview_interview-recording.webm', NULL);
INSERT INTO `interview_records` VALUES (38, '/analysis/1753283029067', '智能面试系统', '2025-07-23 23:03:49.071207', 4, '基于AI分析的综合评估报告', '[\"建议多进行模拟面试练习\",\"可以准备更多具体的工作经历例子\"]', '技术面试', 'AI智能面试官', 71, '前端开发工程师', '[\"练习用简洁明了的语言表达观点，避免冗长回答\",\"建议进行系统性的面试培训，提升整体面试技巧\",\"多参加模拟面试，在实践中积累经验和信心\"]', '已完成', '[\"参与度很高，表现出强烈的面试积极性\"]', '2025-07-23 23:03:49.071207', 1, 'uploads\\videos\\1753283026010_interview_interview-recording.webm', NULL);
INSERT INTO `interview_records` VALUES (39, '/analysis/1753307162063', '智能面试系统', '2025-07-24 05:46:02.079570', 4, '基于AI分析的综合评估报告', '[\"细节表现还有提升空间\"]', '综合面试', 'AI智能面试官', 78, '前端开发工程师', '[\"练习用简洁明了的语言表达观点，避免冗长回答\",\"整体表现良好，建议针对薄弱环节进行专项练习\",\"面试前充分了解岗位要求，准备匹配的技能展示\",\"保持积极的心态，将面试视为双向选择的机会\"]', '已完成', '[\"参与度很高，表现出强烈的面试积极性\",\"面试表现稳定，具备良好基础\"]', '2025-07-24 05:46:02.079951', 1, 'uploads\\videos\\1753307158888_interview_interview-recording.webm', NULL);
INSERT INTO `interview_records` VALUES (40, '/analysis/1753307965956', '智能面试系统', '2025-07-24 05:59:25.957880', 4, '基于AI分析的综合评估报告', '[\"细节表现还有提升空间\"]', '技术面试', 'AI智能面试官', 83, 'Java开发工程师', '[\"练习用简洁明了的语言表达观点，避免冗长回答\",\"整体表现良好，建议针对薄弱环节进行专项练习\",\"面试前充分了解岗位要求，准备匹配的技能展示\",\"保持积极的心态，将面试视为双向选择的机会\"]', '已完成', '[\"参与度很高，表现出强烈的面试积极性\",\"面试表现稳定，具备良好基础\"]', '2025-07-24 05:59:25.957880', 1, 'uploads\\videos\\1753307962766_interview_interview-recording.webm', NULL);
INSERT INTO `interview_records` VALUES (41, '/analysis/1753308014364', '智能面试系统', '2025-07-24 06:00:14.372305', 4, '基于AI分析的综合评估报告', '[\"继续保持良好状态，注意细节优化\"]', 'HR面试', 'AI智能面试官', 86, 'Java开发工程师', '[\"练习用简洁明了的语言表达观点，避免冗长回答\",\"继续保持优秀状态，可以在细节表达上追求完美\",\"面试前充分了解岗位要求，准备匹配的技能展示\",\"保持积极的心态，将面试视为双向选择的机会\"]', '已完成', '[\"参与度很高，表现出强烈的面试积极性\",\"注意力集中，思路清晰有条理\",\"整体表现优异，各方面能力均衡\",\"沟通表达能力突出\"]', '2025-07-24 06:00:14.372305', 1, 'uploads\\videos\\1753308011294_interview_45f7328ab14b00277220a28863ec851c.mp4', NULL);
INSERT INTO `interview_records` VALUES (42, '/analysis/1753312593297', '智能面试系统', '2025-07-24 07:16:33.307791', 3, '基于AI分析的综合评估报告', '[\"细节表现还有提升空间\"]', 'HR面试', 'AI智能面试官', 80, '产品经理', '[\"保持与面试官的眼神交流，适当点头回应展示专注\",\"整体表现良好，建议针对薄弱环节进行专项练习\",\"面试前充分了解岗位要求，准备匹配的技能展示\",\"保持积极的心态，将面试视为双向选择的机会\"]', '已完成', '[\"参与度很高，表现出强烈的面试积极性\",\"注意力集中，思路清晰有条理\"]', '2025-07-24 07:16:33.307791', 1, 'uploads\\videos\\1753312590093_interview_interview-recording.webm', NULL);
INSERT INTO `interview_records` VALUES (43, '/analysis/1753312654526', '智能面试系统', '2025-07-24 07:17:34.529866', 2, '基于AI分析的综合评估报告', '[\"继续保持良好状态，注意细节优化\"]', '综合面试', 'AI智能面试官', 93, 'UI设计师', '[\"继续保持优秀状态，可以在细节表达上追求完美\",\"面试前充分了解岗位要求，准备匹配的技能展示\",\"保持积极的心态，将面试视为双向选择的机会\"]', '已完成', '[\"参与度很高，表现出强烈的面试积极性\",\"注意力集中，思路清晰有条理\",\"整体表现优异，各方面能力均衡\",\"沟通表达能力突出\"]', '2025-07-24 07:17:34.530778', 1, 'uploads\\videos\\1753312651456_interview_45f7328ab14b00277220a28863ec851c.mp4', NULL);
INSERT INTO `interview_records` VALUES (44, '/analysis/1753313100525', '智能面试系统', '2025-07-24 07:25:00.537047', 3, '基于AI分析的综合评估报告', '[\"细节表现还有提升空间\"]', '综合面试', 'AI智能面试官', 77, '数据分析师', '[\"整体表现良好，建议针对薄弱环节进行专项练习\",\"面试前充分了解岗位要求，准备匹配的技能展示\",\"保持积极的心态，将面试视为双向选择的机会\"]', '已完成', '[\"参与度很高，表现出强烈的面试积极性\",\"表达真诚自然，给人可信赖的印象\"]', '2025-07-24 07:25:00.537047', 1, 'uploads\\videos\\1753313097362_interview_interview-recording.webm', NULL);
INSERT INTO `interview_records` VALUES (45, '/analysis/1753313142190', '智能面试系统', '2025-07-24 07:25:42.199298', 5, '基于AI分析的综合评估报告', '[\"建议多进行模拟面试练习\",\"可以准备更多具体的工作经历例子\"]', '技术面试', 'AI智能面试官', 62, '产品经理', '[\"练习用简洁明了的语言表达观点，避免冗长回答\",\"建议进行系统性的面试培训，提升整体面试技巧\",\"多参加模拟面试，在实践中积累经验和信心\"]', '已完成', '[\"参与度很高，表现出强烈的面试积极性\",\"注意力集中，思路清晰有条理\"]', '2025-07-24 07:25:42.199298', 1, 'uploads\\videos\\1753313139100_interview_45f7328ab14b00277220a28863ec851c.mp4', NULL);
INSERT INTO `interview_records` VALUES (46, '/analysis/1753314292410', '智能面试系统', '2025-07-24 07:44:52.423170', 4, '基于AI分析的综合评估报告', '[\"建议多进行模拟面试练习\",\"可以准备更多具体的工作经历例子\"]', '技术面试', 'AI智能面试官', 72, '产品经理', '[\"建议进行系统性的面试培训，提升整体面试技巧\",\"多参加模拟面试，在实践中积累经验和信心\",\"面试前充分了解岗位要求，准备匹配的技能展示\",\"保持积极的心态，将面试视为双向选择的机会\"]', '已完成', '[\"参与度很高，表现出强烈的面试积极性\"]', '2025-07-24 07:44:52.423170', 1, 'uploads\\videos\\1753314289208_interview_interview-recording.webm', NULL);
INSERT INTO `interview_records` VALUES (47, '/analysis/1753314346280', '智能面试系统', '2025-07-24 07:45:46.285482', 5, '基于AI分析的综合评估报告', '[\"继续保持良好状态，注意细节优化\"]', '综合面试', 'AI智能面试官', 92, 'UI设计师', '[\"练习用简洁明了的语言表达观点，避免冗长回答\",\"继续保持优秀状态，可以在细节表达上追求完美\",\"面试前充分了解岗位要求，准备匹配的技能展示\",\"保持积极的心态，将面试视为双向选择的机会\"]', '已完成', '[\"参与度很高，表现出强烈的面试积极性\",\"整体表现优异，各方面能力均衡\",\"沟通表达能力突出\"]', '2025-07-24 07:45:46.285482', 1, 'uploads\\videos\\1753314343223_interview_45f7328ab14b00277220a28863ec851c.mp4', NULL);
INSERT INTO `interview_records` VALUES (48, '/analysis/1754719499780', '智能面试系统', '2025-08-09 14:04:59.855455', 4, '基于AI分析的综合评估报告', '[\"继续保持良好状态，注意细节优化\"]', 'HR面试', 'AI智能面试官', 87, 'Java开发工程师', '[\"练习用简洁明了的语言表达观点，避免冗长回答\",\"继续保持优秀状态，可以在细节表达上追求完美\",\"面试前充分了解岗位要求，准备匹配的技能展示\",\"保持积极的心态，将面试视为双向选择的机会\"]', '已完成', '[\"参与度很高，表现出强烈的面试积极性\",\"注意力集中，思路清晰有条理\",\"整体表现优异，各方面能力均衡\",\"沟通表达能力突出\"]', '2025-08-09 14:04:59.855455', 1, 'uploads\\videos\\1754719496574_interview_interview-recording.webm', NULL);
INSERT INTO `interview_records` VALUES (49, '/analysis/1754725116481', '智能面试系统', '2025-08-09 15:38:36.490987', 4, '基于AI分析的综合评估报告', '[\"建议多进行模拟面试练习\",\"可以准备更多具体的工作经历例子\"]', '综合面试', 'AI智能面试官', 74, 'UI设计师', '[\"练习用简洁明了的语言表达观点，避免冗长回答\",\"建议进行系统性的面试培训，提升整体面试技巧\",\"多参加模拟面试，在实践中积累经验和信心\"]', '已完成', '[\"参与度很高，表现出强烈的面试积极性\"]', '2025-08-09 15:38:36.490987', 1, 'uploads\\videos\\1754725113420_interview_interview-recording.webm', NULL);
INSERT INTO `interview_records` VALUES (50, '/analysis/1754823262718', '智能面试系统', '2025-08-10 18:54:22.750047', 4, '基于AI分析的综合评估报告', '[\"细节表现还有提升空间\"]', '综合面试', 'AI智能面试官', 79, 'Java开发工程师', '[\"整体表现良好，建议针对薄弱环节进行专项练习\",\"面试前充分了解岗位要求，准备匹配的技能展示\",\"保持积极的心态，将面试视为双向选择的机会\"]', '已完成', '[\"参与度很高，表现出强烈的面试积极性\",\"面试表现稳定，具备良好基础\"]', '2025-08-10 18:54:22.750047', 1, 'uploads\\videos\\1754823259434_interview_interview-recording.webm', NULL);
INSERT INTO `interview_records` VALUES (51, '/analysis/1754843416533', '智能面试系统', '2025-08-11 00:30:16.541902', 2, '基于AI分析的综合评估报告', '[\"细节表现还有提升空间\"]', '综合面试', 'AI智能面试官', 81, 'UI设计师', '[\"整体表现良好，建议针对薄弱环节进行专项练习\",\"面试前充分了解岗位要求，准备匹配的技能展示\",\"保持积极的心态，将面试视为双向选择的机会\"]', '已完成', '[\"参与度很高，表现出强烈的面试积极性\",\"注意力集中，思路清晰有条理\"]', '2025-08-11 00:30:16.541902', 1, 'uploads\\videos\\1754843413407_interview_interview-recording.webm', NULL);
INSERT INTO `interview_records` VALUES (52, '/analysis/1754845011514', '智能面试系统', '2025-08-11 00:56:51.519346', 2, '基于AI分析的综合评估报告', '[\"建议多进行模拟面试练习\",\"可以准备更多具体的工作经历例子\"]', '技术面试', 'AI智能面试官', 69, '产品经理', '[\"保持与面试官的眼神交流，适当点头回应展示专注\",\"建议进行系统性的面试培训，提升整体面试技巧\",\"多参加模拟面试，在实践中积累经验和信心\"]', '已完成', '[\"参与度很高，表现出强烈的面试积极性\"]', '2025-08-11 00:56:51.519346', 1, 'uploads\\videos\\1754845008356_interview_interview-recording.webm', NULL);
INSERT INTO `interview_records` VALUES (53, '/analysis/1754851341489', '智能面试系统', '2025-08-11 02:42:21.493105', 2, '基于AI分析的综合评估报告', '[\"细节表现还有提升空间\"]', 'HR面试', 'AI智能面试官', 82, '数据分析师', '[\"整体表现良好，建议针对薄弱环节进行专项练习\",\"面试前充分了解岗位要求，准备匹配的技能展示\",\"保持积极的心态，将面试视为双向选择的机会\"]', '已完成', '[\"参与度很高，表现出强烈的面试积极性\",\"面试表现稳定，具备良好基础\"]', '2025-08-11 02:42:21.493105', 1, 'uploads\\videos\\1754851338415_interview_interview-recording.webm', NULL);
INSERT INTO `interview_records` VALUES (54, '/analysis/1754851383053', '智能面试系统', '2025-08-11 02:43:03.056375', 3, '基于AI分析的综合评估报告', '[\"建议多进行模拟面试练习\",\"可以准备更多具体的工作经历例子\"]', '综合面试', 'AI智能面试官', 63, '产品经理', '[\"保持与面试官的眼神交流，适当点头回应展示专注\",\"建议进行系统性的面试培训，提升整体面试技巧\",\"多参加模拟面试，在实践中积累经验和信心\"]', '已完成', '[\"参与度很高，表现出强烈的面试积极性\"]', '2025-08-11 02:43:03.056375', 1, 'uploads\\videos\\1754851379976_interview_45f7328ab14b00277220a28863ec851c.mp4', NULL);
INSERT INTO `interview_records` VALUES (55, '/analysis/1762067199675', '智能面试系统', '2025-11-02 15:06:39.686052', 1, '基于AI分析的综合评估报告', '[\"建议多进行模拟面试练习\",\"可以准备更多具体的工作经历例子\"]', 'HR面试', 'AI智能面试官', 70, '前端开发工程师', '[\"保持与面试官的眼神交流，适当点头回应展示专注\",\"准备更详细的回答，避免过于简短的回应\",\"建议进行系统性的面试培训，提升整体面试技巧\",\"多参加模拟面试，在实践中积累经验和信心\"]', '已完成', '[\"参与度很高，表现出强烈的面试积极性\"]', '2025-11-02 15:06:39.686052', 1, 'uploads\\videos\\1762067196501_interview_JarGhthD7YVQsXMBUhZP4oRcQi8oU2Ui.webm', NULL);
INSERT INTO `interview_records` VALUES (56, '/analysis/1762067242378', '智能面试系统', '2025-11-02 15:07:22.383175', 3, '基于AI分析的综合评估报告', '[\"建议多进行模拟面试练习\",\"可以准备更多具体的工作经历例子\"]', 'HR面试', 'AI智能面试官', 61, '前端开发工程师', '[\"保持与面试官的眼神交流，适当点头回应展示专注\",\"建议进行系统性的面试培训，提升整体面试技巧\",\"多参加模拟面试，在实践中积累经验和信心\"]', '已完成', '[\"参与度很高，表现出强烈的面试积极性\",\"注意力集中，思路清晰有条理\"]', '2025-11-02 15:07:22.383175', 1, 'uploads\\videos\\1762067239277_interview_BoNACYAMv1XMwui4Src4DkOpYG6nQUBi.webm', NULL);
INSERT INTO `interview_records` VALUES (57, '/analysis/1762067433311', '智能面试系统', '2025-11-02 15:10:33.317141', 1, '基于AI分析的综合评估报告', '[\"继续保持良好状态，注意细节优化\"]', '综合面试', 'AI智能面试官', 92, 'Java开发工程师', '[\"保持与面试官的眼神交流，适当点头回应展示专注\",\"准备更详细的回答，避免过于简短的回应\",\"继续保持优秀状态，可以在细节表达上追求完美\"]', '已完成', '[\"参与度很高，表现出强烈的面试积极性\",\"注意力集中，思路清晰有条理\",\"整体表现优异，各方面能力均衡\",\"沟通表达能力突出\"]', '2025-11-02 15:10:33.317141', 1, 'uploads\\videos\\1762067430220_interview_FZrm4a6wxPLRkfLMmCi7LwMA5QTX0C0l.webm', NULL);
INSERT INTO `interview_records` VALUES (58, '/analysis/1762067978035', '智能面试系统', '2025-11-02 15:19:38.041149', 4, '基于AI分析的综合评估报告', '[\"细节表现还有提升空间\"]', 'HR面试', 'AI智能面试官', 76, 'Java开发工程师', '[\"整体表现良好，建议针对薄弱环节进行专项练习\",\"面试前充分了解岗位要求，准备匹配的技能展示\",\"保持积极的心态，将面试视为双向选择的机会\"]', '已完成', '[\"参与度很高，表现出强烈的面试积极性\",\"注意力集中，思路清晰有条理\"]', '2025-11-02 15:19:38.041149', 1, 'uploads\\videos\\1762067974901_interview_2zzPF0oqZr23t8RFFokrIIKTofTH08DP.webm', NULL);
INSERT INTO `interview_records` VALUES (59, '/analysis/1762068311652', '智能面试系统', '2025-11-02 15:25:11.657612', 4, '基于AI分析的综合评估报告', '[\"继续保持良好状态，注意细节优化\"]', 'HR面试', 'AI智能面试官', 87, '数据分析师', '[\"练习用简洁明了的语言表达观点，避免冗长回答\",\"继续保持优秀状态，可以在细节表达上追求完美\",\"面试前充分了解岗位要求，准备匹配的技能展示\",\"保持积极的心态，将面试视为双向选择的机会\"]', '已完成', '[\"参与度很高，表现出强烈的面试积极性\",\"整体表现优异，各方面能力均衡\",\"沟通表达能力突出\"]', '2025-11-02 15:25:11.658626', 1, 'uploads\\videos\\1762068308554_interview_TBOpEg4P4FjAV4I0dLbN5Jwax3bTZYP0.webm', NULL);
INSERT INTO `interview_records` VALUES (60, '/analysis/1762068389354', '智能面试系统', '2025-11-02 15:26:29.363971', 3, '基于AI分析的综合评估报告', '[\"继续保持良好状态，注意细节优化\"]', '技术面试', 'AI智能面试官', 91, 'Java开发工程师', '[\"继续保持优秀状态，可以在细节表达上追求完美\",\"面试前充分了解岗位要求，准备匹配的技能展示\",\"保持积极的心态，将面试视为双向选择的机会\"]', '已完成', '[\"参与度很高，表现出强烈的面试积极性\",\"整体表现优异，各方面能力均衡\",\"沟通表达能力突出\"]', '2025-11-02 15:26:29.364974', 1, 'uploads\\videos\\1762068386253_interview_jQbAfCifnWQItdbcsovPBZsrYr6rskBV.webm', NULL);
INSERT INTO `interview_records` VALUES (61, '/analysis/1762068586862', '智能面试系统', '2025-11-02 15:29:46.872600', 2, '基于AI分析的综合评估报告', '[\"细节表现还有提升空间\"]', '技术面试', 'AI智能面试官', 82, '前端开发工程师', '[\"保持与面试官的眼神交流，适当点头回应展示专注\",\"整体表现良好，建议针对薄弱环节进行专项练习\",\"面试前充分了解岗位要求，准备匹配的技能展示\",\"保持积极的心态，将面试视为双向选择的机会\"]', '已完成', '[\"参与度很高，表现出强烈的面试积极性\",\"表达真诚自然，给人可信赖的印象\",\"注意力集中，思路清晰有条理\"]', '2025-11-02 15:29:46.872600', 1, 'uploads\\videos\\1762068583755_interview_G6cqfPQKMdLg1kK4AstF8OYRYmKHAg0x.webm', NULL);
INSERT INTO `interview_records` VALUES (62, '/analysis/1762068872304', '智能面试系统', '2025-11-02 15:34:32.313554', 3, '基于AI分析的综合评估报告', '[\"可以通过充分准备来增强自信心\",\"建议多进行模拟面试练习\",\"可以准备更多具体的工作经历例子\"]', 'HR面试', 'AI智能面试官', 74, '前端开发工程师', '[\"面试前在镜子前练习自我介绍，注意肢体语言和声音语调\",\"研究目标公司的文化和最新动态，准备相关问题展示兴趣\",\"保持与面试官的眼神交流，适当点头回应展示专注\",\"建议进行系统性的面试培训，提升整体面试技巧\",\"多参加模拟面试，在实践中积累经验和信心\"]', '已完成', '[\"参与度很高，表现出强烈的面试积极性\"]', '2025-11-02 15:34:32.313554', 1, 'uploads\\videos\\1762068869181_interview_kDYxHHldIVkVqpPWpy6hCVatsF2WHCgH.webm', NULL);
INSERT INTO `interview_records` VALUES (63, '/analysis/1762069392924', '智能面试系统', '2025-11-02 15:43:12.929908', 2, '基于AI分析的综合评估报告', '[\"建议多进行模拟面试练习\",\"可以准备更多具体的工作经历例子\"]', '综合面试', 'AI智能面试官', 68, 'UI设计师', '[\"保持与面试官的眼神交流，适当点头回应展示专注\",\"建议进行系统性的面试培训，提升整体面试技巧\",\"多参加模拟面试，在实践中积累经验和信心\"]', '已完成', '[\"参与度很高，表现出强烈的面试积极性\"]', '2025-11-02 15:43:12.930907', 1, 'uploads\\videos\\1762069389820_interview_d4vzKnB5OmbHuy5qUq5pd7q5QpaXCREM.webm', NULL);
INSERT INTO `interview_records` VALUES (64, '/analysis/1762070102310', '智能面试系统', '2025-11-02 15:55:02.316370', 4, '基于AI分析的综合评估报告', '[\"继续保持良好状态，注意细节优化\"]', '综合面试', 'AI智能面试官', 90, '数据分析师', '[\"练习用简洁明了的语言表达观点，避免冗长回答\",\"继续保持优秀状态，可以在细节表达上追求完美\",\"面试前充分了解岗位要求，准备匹配的技能展示\",\"保持积极的心态，将面试视为双向选择的机会\"]', '已完成', '[\"参与度很高，表现出强烈的面试积极性\",\"注意力集中，思路清晰有条理\",\"整体表现优异，各方面能力均衡\",\"沟通表达能力突出\"]', '2025-11-02 15:55:02.317367', 1, 'uploads\\videos\\1762070099222_interview_zaGLtfgtMV3UvNXR7uXGBd4o5gC0frlj.webm', NULL);
INSERT INTO `interview_records` VALUES (65, '/analysis/1762070405369', '智能面试系统', '2025-11-02 16:00:05.376793', 3, '基于AI分析的综合评估报告', '[\"建议多进行模拟面试练习\",\"可以准备更多具体的工作经历例子\"]', 'HR面试', 'AI智能面试官', 67, 'Java开发工程师', '[\"建议进行系统性的面试培训，提升整体面试技巧\",\"多参加模拟面试，在实践中积累经验和信心\",\"面试前充分了解岗位要求，准备匹配的技能展示\",\"保持积极的心态，将面试视为双向选择的机会\"]', '已完成', '[\"参与度很高，表现出强烈的面试积极性\"]', '2025-11-02 16:00:05.377808', 1, 'uploads\\videos\\1762070402272_interview_IpWC5SOyOFRpswG4UPgdzMxpd9Ki4g7x.webm', NULL);
INSERT INTO `interview_records` VALUES (66, '/analysis/1762071299839', '智能面试系统', '2025-11-02 16:14:59.847010', 5, '基于AI分析的综合评估报告', '[\"继续保持良好状态，注意细节优化\"]', 'HR面试', 'AI智能面试官', 85, '前端开发工程师', '[\"练习用简洁明了的语言表达观点，避免冗长回答\",\"继续保持优秀状态，可以在细节表达上追求完美\",\"面试前充分了解岗位要求，准备匹配的技能展示\",\"保持积极的心态，将面试视为双向选择的机会\"]', '已完成', '[\"参与度很高，表现出强烈的面试积极性\",\"整体表现优异，各方面能力均衡\",\"沟通表达能力突出\"]', '2025-11-02 16:14:59.848007', 1, 'uploads\\videos\\1762071296759_interview_RXNxjkybMtrAydyuBoFSX57hAICddD9G.webm', NULL);
INSERT INTO `interview_records` VALUES (67, '/analysis/1762071793416', '智能面试系统', '2025-11-02 16:23:13.421458', 2, '基于AI分析的综合评估报告', '[\"建议多进行模拟面试练习\",\"可以准备更多具体的工作经历例子\"]', 'HR面试', 'AI智能面试官', 66, '产品经理', '[\"保持与面试官的眼神交流，适当点头回应展示专注\",\"建议进行系统性的面试培训，提升整体面试技巧\",\"多参加模拟面试，在实践中积累经验和信心\"]', '已完成', '[\"参与度很高，表现出强烈的面试积极性\"]', '2025-11-02 16:23:13.421458', 1, 'uploads\\videos\\1762071790354_interview_qZhPrsuRADeMtQWz6xFWUsPBR1fI2GOs.webm', NULL);
INSERT INTO `interview_records` VALUES (68, '/analysis/1762073976569', '智能面试系统', '2025-11-02 16:59:36.575943', 5, '基于AI分析的综合评估报告', '[\"建议多进行模拟面试练习\",\"可以准备更多具体的工作经历例子\"]', 'HR面试', 'AI智能面试官', 69, 'UI设计师', '[\"练习用简洁明了的语言表达观点，避免冗长回答\",\"建议进行系统性的面试培训，提升整体面试技巧\",\"多参加模拟面试，在实践中积累经验和信心\"]', '已完成', '[\"参与度很高，表现出强烈的面试积极性\"]', '2025-11-02 16:59:36.575943', 1, 'uploads\\videos\\1762073973449_interview_mDs5MWSM7NeJkyqU1Zv6ujKxHF4eppry.webm', NULL);
INSERT INTO `interview_records` VALUES (69, '/analysis/1762074290161', '智能面试系统', '2025-11-02 17:04:50.167197', 2, '基于AI分析的综合评估报告', '[\"建议多进行模拟面试练习\",\"可以准备更多具体的工作经历例子\"]', '技术面试', 'AI智能面试官', 65, '数据分析师', '[\"保持与面试官的眼神交流，适当点头回应展示专注\",\"建议进行系统性的面试培训，提升整体面试技巧\",\"多参加模拟面试，在实践中积累经验和信心\"]', '已完成', '[\"具备基本的面试素养\",\"展现了学习和改进的潜力\"]', '2025-11-02 17:04:50.167197', 1, 'uploads\\videos\\1762074287057_interview_nVlsuCaDAckouCEJF4178Kk0gEJJvhUh.webm', NULL);
INSERT INTO `interview_records` VALUES (70, '/analysis/1762075385624', '智能面试系统', '2025-11-02 17:23:05.632861', 3, '基于AI分析的综合评估报告', '[\"继续保持良好状态，注意细节优化\"]', '技术面试', 'AI智能面试官', 94, '数据分析师', '[\"继续保持优秀状态，可以在细节表达上追求完美\",\"面试前充分了解岗位要求，准备匹配的技能展示\",\"保持积极的心态，将面试视为双向选择的机会\"]', '已完成', '[\"参与度很高，表现出强烈的面试积极性\",\"整体表现优异，各方面能力均衡\",\"沟通表达能力突出\"]', '2025-11-02 17:23:05.632861', 1, 'uploads\\videos\\1762075382515_interview_Fv74BsdtLrsHr6rsRONMyE8xIZrKdCxE.webm', NULL);
INSERT INTO `interview_records` VALUES (71, '/analysis/1762078604711', '智能面试系统', '2025-11-02 18:16:44.732565', 5, '基于AI分析的综合评估报告', '[\"建议多进行模拟面试练习\",\"可以准备更多具体的工作经历例子\"]', 'HR面试', 'AI智能面试官', 63, '前端开发工程师', '[\"练习用简洁明了的语言表达观点，避免冗长回答\",\"建议进行系统性的面试培训，提升整体面试技巧\",\"多参加模拟面试，在实践中积累经验和信心\"]', '已完成', '[\"参与度很高，表现出强烈的面试积极性\",\"注意力集中，思路清晰有条理\"]', '2025-11-02 18:16:44.732565', 1, 'uploads\\videos\\1762078601586_interview_P6auOipXnDUh5NlwMOncpD5saHbmkJv3.webm', NULL);
INSERT INTO `interview_records` VALUES (72, '/analysis/1762078705593', '智能面试系统', '2025-11-02 18:18:25.595677', 3, '基于AI分析的综合评估报告', '[\"可以通过充分准备来增强自信心\"]', '综合面试', 'AI智能面试官', 88, '数据分析师', '[\"面试前在镜子前练习自我介绍，注意肢体语言和声音语调\",\"研究目标公司的文化和最新动态，准备相关问题展示兴趣\",\"继续保持优秀状态，可以在细节表达上追求完美\"]', '已完成', '[\"参与度很高，表现出强烈的面试积极性\",\"注意力集中，思路清晰有条理\",\"整体表现优异，各方面能力均衡\",\"沟通表达能力突出\"]', '2025-11-02 18:18:25.595677', 1, 'uploads\\videos\\1762078702499_interview_ix7JhA29tVYOAuaHpYQ8C8jWvpCE2swr.webm', NULL);
INSERT INTO `interview_records` VALUES (73, '/analysis/1762084533047', '智能面试系统', '2025-11-02 19:55:33.183157', 2, '基于AI分析的综合评估报告', '[\"建议多进行模拟面试练习\",\"可以准备更多具体的工作经历例子\"]', '技术面试', 'AI智能面试官', 73, 'UI设计师', '[\"保持与面试官的眼神交流，适当点头回应展示专注\",\"建议进行系统性的面试培训，提升整体面试技巧\",\"多参加模拟面试，在实践中积累经验和信心\"]', '已完成', '[\"参与度很高，表现出强烈的面试积极性\"]', '2025-11-02 19:55:33.183157', 1, 'uploads\\videos\\1762084529889_interview_52ZIoDK8A7eV1vsTovdppouM9iFXPQu6.webm', NULL);
INSERT INTO `interview_records` VALUES (74, '/analysis/1762084893309', '智能面试系统', '2025-11-02 20:01:33.314370', 4, '基于AI分析的综合评估报告', '[\"继续保持良好状态，注意细节优化\"]', '技术面试', 'AI智能面试官', 93, '数据分析师', '[\"练习用简洁明了的语言表达观点，避免冗长回答\",\"继续保持优秀状态，可以在细节表达上追求完美\",\"面试前充分了解岗位要求，准备匹配的技能展示\",\"保持积极的心态，将面试视为双向选择的机会\"]', '已完成', '[\"参与度很高，表现出强烈的面试积极性\",\"整体表现优异，各方面能力均衡\",\"沟通表达能力突出\"]', '2025-11-02 20:01:33.314370', 1, 'uploads\\videos\\1762084890216_interview_0dS2RJxoHDnsUYNltp8BxxzmTU9YHPCC.webm', NULL);
INSERT INTO `interview_records` VALUES (75, '/analysis/1762085209380', '智能面试系统', '2025-11-02 20:06:49.385333', 2, '基于AI分析的综合评估报告', '[\"细节表现还有提升空间\"]', 'HR面试', 'AI智能面试官', 75, '产品经理', '[\"保持与面试官的眼神交流，适当点头回应展示专注\",\"整体表现良好，建议针对薄弱环节进行专项练习\",\"面试前充分了解岗位要求，准备匹配的技能展示\",\"保持积极的心态，将面试视为双向选择的机会\"]', '已完成', '[\"参与度很高，表现出强烈的面试积极性\",\"面试表现稳定，具备良好基础\"]', '2025-11-02 20:06:49.385333', 1, 'uploads\\videos\\1762085206264_interview_eOH3cWXNLPfWcoOrhdJcqkvdAjShi4yK.webm', NULL);
INSERT INTO `interview_records` VALUES (76, '/analysis/1762087068116', '智能面试系统', '2025-11-02 20:37:48.123703', 3, '基于AI分析的综合评估报告', '[\"建议多进行模拟面试练习\",\"可以准备更多具体的工作经历例子\"]', '技术面试', 'AI智能面试官', 69, '数据分析师', '[\"建议进行系统性的面试培训，提升整体面试技巧\",\"多参加模拟面试，在实践中积累经验和信心\",\"面试前充分了解岗位要求，准备匹配的技能展示\",\"保持积极的心态，将面试视为双向选择的机会\"]', '已完成', '[\"参与度很高，表现出强烈的面试积极性\",\"注意力集中，思路清晰有条理\"]', '2025-11-02 20:37:48.123703', 1, 'uploads\\videos\\1762087065015_interview_Py5IounfeHKjgu9goP8aW3nr4zeegBh8.webm', NULL);
INSERT INTO `interview_records` VALUES (77, '/analysis/1763125940370', '智能面试系统', '2025-11-14 21:12:20.408378', 1, '基于AI分析的综合评估报告', '[\"细节表现还有提升空间\"]', 'HR面试', 'AI智能面试官', 84, 'Java开发工程师', '[\"保持与面试官的眼神交流，适当点头回应展示专注\",\"准备更详细的回答，避免过于简短的回应\",\"整体表现良好，建议针对薄弱环节进行专项练习\"]', '已完成', '[\"参与度很高，表现出强烈的面试积极性\",\"注意力集中，思路清晰有条理\"]', '2025-11-14 21:12:20.408378', 1, 'uploads\\videos\\1763125937152_interview_J2JMjNins42C60cce6cb6a212aa7c239696e57e53224.webm', NULL);
INSERT INTO `interview_records` VALUES (78, '/analysis/1763126902749', '智能面试系统', '2025-11-14 21:28:22.755974', 5, '基于AI分析的综合评估报告', '[\"细节表现还有提升空间\"]', '综合面试', 'AI智能面试官', 84, '产品经理', '[\"练习用简洁明了的语言表达观点，避免冗长回答\",\"整体表现良好，建议针对薄弱环节进行专项练习\",\"面试前充分了解岗位要求，准备匹配的技能展示\",\"保持积极的心态，将面试视为双向选择的机会\"]', '已完成', '[\"参与度很高，表现出强烈的面试积极性\",\"注意力集中，思路清晰有条理\"]', '2025-11-14 21:28:22.755974', 1, 'uploads\\videos\\1763126899624_interview_Y5UqCxzJCIGja2d0aa3c206759225c883fa44d7b12e2.webm', NULL);
INSERT INTO `interview_records` VALUES (79, '/analysis/1763793994835', '智能面试系统', '2025-11-22 14:46:34.876678', 1, '基于AI分析的综合评估报告', '[]', '综合面试', 'AI智能面试官', 95, 'UI设计师', '[\"保持与面试官的眼神交流，适当点头回应展示专注\",\"准备更详细的回答，避免过于简短的回应\",\"继续保持优秀状态，可以在细节表达上追求完美\"]', '已完成', '[\"参与度很高，表现出强烈的面试积极性\",\"表达真诚自然，给人可信赖的印象\",\"注意力集中，思路清晰有条理\",\"沟通表达能力突出\"]', '2025-11-22 14:46:34.876678', 1, 'uploads\\videos\\1763793991611_interview_pYOs5U8EJlrqbe25abc8c9e3aaa110b001fb4312906c.webm', NULL);
INSERT INTO `interview_records` VALUES (80, '/analysis/1763794203577', '智能面试系统', '2025-11-22 14:50:03.582658', 2, '基于AI分析的综合评估报告', '[\"继续保持良好状态，注意细节优化\"]', '技术面试', 'AI智能面试官', 88, 'Java开发工程师', '[\"继续保持优秀状态，可以在细节表达上追求完美\",\"面试前充分了解岗位要求，准备匹配的技能展示\",\"保持积极的心态，将面试视为双向选择的机会\"]', '已完成', '[\"参与度很高，表现出强烈的面试积极性\",\"注意力集中，思路清晰有条理\",\"整体表现优异，各方面能力均衡\",\"沟通表达能力突出\"]', '2025-11-22 14:50:03.582658', 1, 'uploads\\videos\\1763794200440_interview_0reuZFoRbG4M722fcce1ea342d224cab2192d1dc7328.webm', NULL);
INSERT INTO `interview_records` VALUES (81, '/analysis/1763794575661', '智能面试系统', '2025-11-22 14:56:15.668550', 5, '基于AI分析的综合评估报告', '[\"建议多进行模拟面试练习\",\"可以准备更多具体的工作经历例子\"]', 'HR面试', 'AI智能面试官', 68, 'Java开发工程师', '[\"练习用简洁明了的语言表达观点，避免冗长回答\",\"建议进行系统性的面试培训，提升整体面试技巧\",\"多参加模拟面试，在实践中积累经验和信心\"]', '已完成', '[\"参与度很高，表现出强烈的面试积极性\"]', '2025-11-22 14:56:15.668550', 1, 'uploads\\videos\\1763794572547_interview_g5Ieehmv5Jqz7586810b1b9edfd2cb9f1978f2280469.webm', NULL);
INSERT INTO `interview_records` VALUES (82, '/analysis/1766042288894', '智能面试系统', '2025-12-18 15:18:08.908473', 3, '基于AI分析的综合评估报告', '[\"细节表现还有提升空间\"]', '技术面试', 'AI智能面试官', 79, '产品经理', '[\"保持与面试官的眼神交流，适当点头回应展示专注\",\"整体表现良好，建议针对薄弱环节进行专项练习\",\"面试前充分了解岗位要求，准备匹配的技能展示\",\"保持积极的心态，将面试视为双向选择的机会\"]', '已完成', '[\"参与度很高，表现出强烈的面试积极性\",\"注意力集中，思路清晰有条理\"]', '2025-12-18 15:18:08.908473', 1, 'uploads\\videos\\1766042285779_interview_interview-recording.webm', NULL);
INSERT INTO `interview_records` VALUES (83, '/analysis/1773323185464', '智能面试系统', '2026-03-12 21:46:25.479075', 4, '基于AI分析的综合评估报告', '[\"建议多进行模拟面试练习\",\"可以准备更多具体的工作经历例子\"]', '综合面试', 'AI智能面试官', 63, 'Java开发工程师', '[\"练习用简洁明了的语言表达观点，避免冗长回答\",\"建议进行系统性的面试培训，提升整体面试技巧\",\"多参加模拟面试，在实践中积累经验和信心\"]', '已完成', '[\"参与度很高，表现出强烈的面试积极性\"]', '2026-03-12 21:46:25.479075', 1, 'uploads\\videos\\1773323182292_interview_interview-recording.webm', NULL);
INSERT INTO `interview_records` VALUES (84, '/analysis/1776174564288', '智能面试系统', '2026-04-14 21:49:24.651051', 1, '基于AI分析的综合评估报告', '[\"继续保持良好状态，注意细节优化\"]', '综合面试', 'AI智能面试官', 85, 'UI设计师', '[\"保持与面试官的眼神交流，适当点头回应展示专注\",\"准备更详细的回答，避免过于简短的回应\",\"继续保持优秀状态，可以在细节表达上追求完美\"]', '已完成', '[\"参与度很高，表现出强烈的面试积极性\",\"注意力集中，思路清晰有条理\",\"整体表现优异，各方面能力均衡\",\"沟通表达能力突出\"]', '2026-04-14 21:49:24.651051', 1, 'uploads\\videos\\1776174561096_interview_45f7328ab14b00277220a28863ec851c.mp4', NULL);
INSERT INTO `interview_records` VALUES (85, '/analysis/1776174602413', '智能面试系统', '2026-04-14 21:50:02.418271', 3, '基于AI分析的综合评估报告', '[\"继续保持良好状态，注意细节优化\"]', '技术面试', 'AI智能面试官', 88, '产品经理', '[\"继续保持优秀状态，可以在细节表达上追求完美\",\"面试前充分了解岗位要求，准备匹配的技能展示\",\"保持积极的心态，将面试视为双向选择的机会\"]', '已完成', '[\"参与度很高，表现出强烈的面试积极性\",\"整体表现优异，各方面能力均衡\",\"沟通表达能力突出\"]', '2026-04-14 21:50:02.418271', 1, 'uploads\\videos\\1776174599350_interview_interview-recording.webm', NULL);
INSERT INTO `interview_records` VALUES (86, '/analysis/1776174662072', '智能面试系统', '2026-04-14 21:51:02.078566', 4, '基于AI分析的综合评估报告', '[\"建议多进行模拟面试练习\",\"可以准备更多具体的工作经历例子\"]', '综合面试', 'AI智能面试官', 64, '前端开发工程师', '[\"练习用简洁明了的语言表达观点，避免冗长回答\",\"建议进行系统性的面试培训，提升整体面试技巧\",\"多参加模拟面试，在实践中积累经验和信心\"]', '已完成', '[\"参与度很高，表现出强烈的面试积极性\"]', '2026-04-14 21:51:02.078566', 1, 'uploads\\videos\\1776174658988_interview_interview-recording.webm', NULL);
INSERT INTO `interview_records` VALUES (87, '/analysis/1776440890277', '智能面试系统', '2026-04-17 23:48:10.288233', 3, '基于AI分析的综合评估报告', '[\"继续保持良好状态，注意细节优化\"]', '技术面试', 'AI智能面试官', 92, '前端开发工程师', '[\"保持与面试官的眼神交流，适当点头回应展示专注\",\"继续保持优秀状态，可以在细节表达上追求完美\",\"面试前充分了解岗位要求，准备匹配的技能展示\",\"保持积极的心态，将面试视为双向选择的机会\"]', '已完成', '[\"参与度很高，表现出强烈的面试积极性\",\"整体表现优异，各方面能力均衡\",\"沟通表达能力突出\"]', '2026-04-17 23:48:10.288233', 1, 'uploads\\videos\\1776440887027_interview_视频.mp4', NULL);
INSERT INTO `interview_records` VALUES (88, '/analysis/1776503389384', '智能面试系统', '2026-04-18 17:09:49.423060', 3, '基于AI分析的综合评估报告', '[\"建议多进行模拟面试练习\",\"可以准备更多具体的工作经历例子\"]', 'HR面试', 'AI智能面试官', 62, '数据分析师', '[\"建议进行系统性的面试培训，提升整体面试技巧\",\"多参加模拟面试，在实践中积累经验和信心\",\"面试前充分了解岗位要求，准备匹配的技能展示\",\"保持积极的心态，将面试视为双向选择的机会\"]', '已完成', '[\"参与度很高，表现出强烈的面试积极性\"]', '2026-04-18 17:09:49.423060', 1, 'uploads\\videos\\1776503386087_interview_视频.mp4', NULL);

-- ----------------------------
-- Table structure for job_applications
-- ----------------------------
DROP TABLE IF EXISTS `job_applications`;
CREATE TABLE `job_applications`  (
  `id` bigint NOT NULL AUTO_INCREMENT,
  `applied_at` datetime(6) NULL DEFAULT NULL,
  `cover_letter` text CHARACTER SET utf8mb4 COLLATE utf8mb4_unicode_ci NULL,
  `created_at` datetime(6) NULL DEFAULT NULL,
  `notes` text CHARACTER SET utf8mb4 COLLATE utf8mb4_unicode_ci NULL,
  `resume_content` text CHARACTER SET utf8mb4 COLLATE utf8mb4_unicode_ci NULL,
  `reviewed_at` datetime(6) NULL DEFAULT NULL,
  `status` varchar(20) CHARACTER SET utf8mb4 COLLATE utf8mb4_unicode_ci NULL DEFAULT NULL,
  `updated_at` datetime(6) NULL DEFAULT NULL,
  `user_id` bigint NOT NULL,
  `job_posting_id` bigint NOT NULL,
  PRIMARY KEY (`id`) USING BTREE,
  INDEX `FKfjwyy10f2yywhxflbf9trb6nb`(`job_posting_id` ASC) USING BTREE,
  CONSTRAINT `FKfjwyy10f2yywhxflbf9trb6nb` FOREIGN KEY (`job_posting_id`) REFERENCES `job_postings` (`id`) ON DELETE RESTRICT ON UPDATE RESTRICT
) ENGINE = InnoDB AUTO_INCREMENT = 65 CHARACTER SET = utf8mb4 COLLATE = utf8mb4_unicode_ci ROW_FORMAT = DYNAMIC;

-- ----------------------------
-- Records of job_applications
-- ----------------------------
INSERT INTO `job_applications` VALUES (3, '2025-07-20 14:48:03.779696', '尊敬的HR，我是一名优秀的求职者，具备相关技能和经验，期待与您进一步沟通。', '2025-07-20 14:48:03.779696', '申请不符合要求', '我对产品经理职位非常感兴趣，希望能够加入字节跳动团队。', '2025-07-21 19:04:29.575845', 'rejected', '2025-07-21 19:04:29.575845', 1, 3);
INSERT INTO `job_applications` VALUES (25, '2025-07-22 19:14:38.001838', '尊敬的HR，我是一名优秀的求职者，具备相关技能和经验，期待与您进一步沟通。', '2025-07-22 19:14:38.001838', '申请不符合要求', '我对前端工程师岗位非常感兴趣，希望能够加入zs团队。', '2025-07-22 19:21:13.472022', 'rejected', '2025-07-22 19:21:13.473632', 1, 22);
INSERT INTO `job_applications` VALUES (27, '2025-07-23 11:43:03.354663', '尊敬的HR，我是一名优秀的求职者，具备相关技能和经验，期待与您进一步沟通。', '2025-07-23 11:43:03.355935', '申请不符合要求', '我对全栈工程师岗位非常感兴趣，希望能够加入zs团队。', '2025-09-19 09:53:03.628659', 'rejected', '2025-09-19 09:53:03.628659', 1, 23);
INSERT INTO `job_applications` VALUES (60, '2025-09-28 16:48:10.435239', '尊敬的HR，我是一名优秀的求职者，具备相关技能和经验，期待与您进一步沟通。', '2025-09-28 16:48:10.436860', NULL, '我对云计算工程师岗位非常感兴趣，希望能够加入zs团队。', NULL, 'pending', '2025-09-28 16:48:10.436860', 1, 66);
INSERT INTO `job_applications` VALUES (61, '2025-12-02 17:37:48.777480', '尊敬的HR，我是一名优秀的求职者，具备相关技能和经验，期待与您进一步沟通。', '2025-12-02 17:37:48.789202', '申请通过', '我对后端开发工程师岗位非常感兴趣，希望能够加入zs团队。', '2026-04-18 17:14:45.094620', 'accepted', '2026-04-18 17:14:45.095637', 1, 67);
INSERT INTO `job_applications` VALUES (63, '2026-04-18 17:07:23.306158', '尊敬的HR，我是一名优秀的求职者，具备相关技能和经验，期待与您进一步沟通。', '2026-04-18 17:07:23.308030', '申请不符合要求', '我对网络安全工程师岗位非常感兴趣，希望能够加入测试团队。', '2026-04-18 17:14:41.347477', 'rejected', '2026-04-18 17:14:41.347477', 1, 72);
INSERT INTO `job_applications` VALUES (64, '2026-04-18 17:14:11.961212', '尊敬的HR，我是一名优秀的求职者，具备相关技能和经验，期待与您进一步沟通。', '2026-04-18 17:14:11.961212', '申请通过', '我对Agent工程师岗位非常感兴趣，希望能够加入测试团队。', '2026-04-18 17:14:39.814341', 'accepted', '2026-04-18 17:14:39.815929', 1, 73);

-- ----------------------------
-- Table structure for job_postings
-- ----------------------------
DROP TABLE IF EXISTS `job_postings`;
CREATE TABLE `job_postings`  (
  `id` bigint NOT NULL AUTO_INCREMENT,
  `title` varchar(200) CHARACTER SET utf8mb4 COLLATE utf8mb4_unicode_ci NOT NULL,
  `company_name` varchar(200) CHARACTER SET utf8mb4 COLLATE utf8mb4_unicode_ci NOT NULL,
  `company_id` bigint NOT NULL,
  `department` varchar(100) CHARACTER SET utf8mb4 COLLATE utf8mb4_unicode_ci NULL DEFAULT NULL,
  `location` varchar(200) CHARACTER SET utf8mb4 COLLATE utf8mb4_unicode_ci NULL DEFAULT NULL,
  `job_type` varchar(50) CHARACTER SET utf8mb4 COLLATE utf8mb4_unicode_ci NULL DEFAULT NULL,
  `salary_min` int NULL DEFAULT NULL,
  `salary_max` int NULL DEFAULT NULL,
  `salary_unit` varchar(20) CHARACTER SET utf8mb4 COLLATE utf8mb4_unicode_ci NULL DEFAULT '月薪',
  `experience_required` varchar(50) CHARACTER SET utf8mb4 COLLATE utf8mb4_unicode_ci NULL DEFAULT NULL,
  `education_required` varchar(50) CHARACTER SET utf8mb4 COLLATE utf8mb4_unicode_ci NULL DEFAULT NULL,
  `description` text CHARACTER SET utf8mb4 COLLATE utf8mb4_unicode_ci NULL,
  `requirements` text CHARACTER SET utf8mb4 COLLATE utf8mb4_unicode_ci NULL,
  `benefits` text CHARACTER SET utf8mb4 COLLATE utf8mb4_unicode_ci NULL,
  `skills` varchar(500) CHARACTER SET utf8mb4 COLLATE utf8mb4_unicode_ci NULL DEFAULT NULL,
  `tags` varchar(500) CHARACTER SET utf8mb4 COLLATE utf8mb4_unicode_ci NULL DEFAULT NULL,
  `contact_person` varchar(100) CHARACTER SET utf8mb4 COLLATE utf8mb4_unicode_ci NULL DEFAULT NULL,
  `contact_phone` varchar(20) CHARACTER SET utf8mb4 COLLATE utf8mb4_unicode_ci NULL DEFAULT NULL,
  `contact_email` varchar(100) CHARACTER SET utf8mb4 COLLATE utf8mb4_unicode_ci NULL DEFAULT NULL,
  `status` varchar(20) CHARACTER SET utf8mb4 COLLATE utf8mb4_unicode_ci NULL DEFAULT 'active',
  `priority_level` int NULL DEFAULT 3,
  `view_count` int NULL DEFAULT 0,
  `application_count` int NULL DEFAULT 0,
  `deadline` datetime NULL DEFAULT NULL,
  `is_urgent` tinyint(1) NULL DEFAULT 0,
  `is_remote_work` tinyint(1) NULL DEFAULT 0,
  `created_at` datetime NULL DEFAULT CURRENT_TIMESTAMP,
  `updated_at` datetime NULL DEFAULT CURRENT_TIMESTAMP ON UPDATE CURRENT_TIMESTAMP,
  `published_at` datetime NULL DEFAULT NULL,
  PRIMARY KEY (`id`) USING BTREE
) ENGINE = InnoDB AUTO_INCREMENT = 74 CHARACTER SET = utf8mb4 COLLATE = utf8mb4_unicode_ci ROW_FORMAT = DYNAMIC;

-- ----------------------------
-- Records of job_postings
-- ----------------------------
INSERT INTO `job_postings` VALUES (3, '产品经理', '美团', 3, '产品部', '北京', '全职', 10, 25, '月薪', '1-3年', '本科', '负责产品规划和设计，协调各部门推进产品开发', '产品设计经验,用户体验设计,数据分析能力', '', '', '', '', '', '', 'active', 4, 1, 1, '2025-09-17 19:34:55', 0, 0, '2025-07-19 19:34:55', '2025-08-10 23:44:19', '2025-07-19 19:34:55');
INSERT INTO `job_postings` VALUES (22, '前端工程师', '商汤科技', 3, '技术部', '广州', '全职', 6, 16, '月薪', '应届生', '本科及以上', '写前端', '会写前端', NULL, '', '', NULL, NULL, NULL, 'active', 3, 0, 1, NULL, 0, 0, '2025-07-22 13:58:02', '2026-04-18 14:23:26', '2025-07-22 13:58:02');
INSERT INTO `job_postings` VALUES (23, '全栈工程师', '科大讯飞', 3, '技术部', '广州', '全职', 8, 24, '月薪', '应届生', '本科及以上', '全栈', '全栈', NULL, '', '', NULL, NULL, NULL, 'active', 3, 0, 1, NULL, 0, 0, '2025-07-22 14:02:02', '2026-04-18 14:23:42', '2025-07-22 14:02:02');
INSERT INTO `job_postings` VALUES (54, '算法工程师', '京东', 3, '技术部', '广州', '全职', 10, 20, '月薪', '应届生', '本科及以上', '算法工程师', '算法工程师', NULL, '', '', NULL, NULL, NULL, 'active', 3, 0, 0, NULL, 0, 0, '2025-08-11 01:06:46', '2026-04-18 14:23:47', '2025-08-11 01:06:46');
INSERT INTO `job_postings` VALUES (66, '云计算工程师', '百度', 3, '技术部', '广州', '全职', 15, 25, '月薪', '应届生', '本科及以上', '云计算工程师', '云计算工程师', NULL, '', '', NULL, NULL, NULL, 'active', 3, 1, 1, NULL, 0, 0, '2025-09-19 15:47:57', '2026-04-18 14:23:52', '2025-09-19 15:47:57');
INSERT INTO `job_postings` VALUES (67, '后端开发工程师', '腾讯科技', 3, '技术部', '深圳', '全职', 8, 20, '月薪', '应届生', '本科及以上', '写后端代码', '会写后端代码', NULL, '', '', NULL, NULL, NULL, 'active', 3, 0, 1, NULL, 0, 0, '2025-12-02 17:09:17', '2026-04-18 14:23:56', '2025-12-02 17:09:17');
INSERT INTO `job_postings` VALUES (72, '网络安全工程师', '测试', 3, '技术部', '东莞', '全职', 10, 20, '月薪', '应届生', '硕士及以上', '写代码', '写代码', NULL, '', '', NULL, NULL, NULL, 'active', 3, 0, 1, NULL, 0, 0, '2026-04-18 15:36:15', '2026-04-18 17:07:23', '2026-04-18 15:36:15');
INSERT INTO `job_postings` VALUES (73, 'Agent工程师', '测试', 3, '技术部', '广州', '全职', 10, 20, '月薪', '应届生', '本科及以上', '本科及以上学历，计算机科学、人工智能、软件工程、电子信息等相关专业，优秀本科生可放宽学历要求，有丰富Agent相关项目经验或硕士及以上学历且有NLP、多模态、强化学习等相关研究背景、发表过相关顶会论文者优先；需精通Python，熟悉Java/Go/TypeScript中至少一门语言，具备扎实的编程能力与系统设计能力，深入理解Agent核心原理，熟练使用至少一种主流Agent开发框架，理解LLM工作原理，掌握Prompt工程、Function Calling技巧，具备模型微调经验，熟悉容器化部署工具与服务开发框架，了解AI安全与合规相关要求；拥有1-3年及以上AI相关开发经验，至少1年Agent或LLM应用系统生产开发经验，有完整Agent项目从0到1落地、特定业务场景Agent落地或大规模Agent系统部署经验者优先；具备较强的问题解决能力、跨团队协作能力、持续学习意识及抗压能力，有良好的代码规范与文档编写习惯；深入理解Agent框架局限性、有相关特定Agent实践经验或在技术社区有开源项目、持有相关AI工程师认证者为加分项。', 'Agent工程师核心负责智能代理（AI Agent）系统的设计、开发、优化与落地，聚焦于让大语言模型（LLM）具备自主决策、任务规划、工具调用及多主体协作能力，将AI技术转化为可落地的业务解决方案，兼顾系统稳定性、安全性与工程化落地效率，推动Agent技术在实际业务场景中产生价值。', NULL, '', '', NULL, NULL, NULL, 'active', 3, 0, 1, NULL, 0, 0, '2026-04-18 17:13:53', '2026-04-18 17:14:12', '2026-04-18 17:13:53');

-- ----------------------------
-- Table structure for learning_resources
-- ----------------------------
DROP TABLE IF EXISTS `learning_resources`;
CREATE TABLE `learning_resources`  (
  `id` bigint NOT NULL AUTO_INCREMENT,
  `author` varchar(100) CHARACTER SET utf8mb4 COLLATE utf8mb4_unicode_ci NULL DEFAULT NULL,
  `category` varchar(100) CHARACTER SET utf8mb4 COLLATE utf8mb4_unicode_ci NULL DEFAULT NULL,
  `created_at` datetime(6) NULL DEFAULT NULL,
  `description` text CHARACTER SET utf8mb4 COLLATE utf8mb4_unicode_ci NULL,
  `difficulty_level` varchar(20) CHARACTER SET utf8mb4 COLLATE utf8mb4_unicode_ci NULL DEFAULT NULL,
  `duration` int NULL DEFAULT NULL,
  `is_free` bit(1) NULL DEFAULT NULL,
  `price` double NULL DEFAULT NULL,
  `rating` double NULL DEFAULT NULL,
  `resource_type` varchar(50) CHARACTER SET utf8mb4 COLLATE utf8mb4_unicode_ci NULL DEFAULT NULL,
  `status` varchar(20) CHARACTER SET utf8mb4 COLLATE utf8mb4_unicode_ci NULL DEFAULT NULL,
  `tags` varchar(500) CHARACTER SET utf8mb4 COLLATE utf8mb4_unicode_ci NULL DEFAULT NULL,
  `thumbnail_url` varchar(500) CHARACTER SET utf8mb4 COLLATE utf8mb4_unicode_ci NULL DEFAULT NULL,
  `title` varchar(200) CHARACTER SET utf8mb4 COLLATE utf8mb4_unicode_ci NOT NULL,
  `updated_at` datetime(6) NULL DEFAULT NULL,
  `url` varchar(500) CHARACTER SET utf8mb4 COLLATE utf8mb4_unicode_ci NULL DEFAULT NULL,
  `view_count` int NULL DEFAULT NULL,
  PRIMARY KEY (`id`) USING BTREE
) ENGINE = InnoDB AUTO_INCREMENT = 53 CHARACTER SET = utf8mb4 COLLATE = utf8mb4_unicode_ci ROW_FORMAT = DYNAMIC;

-- ----------------------------
-- Records of learning_resources
-- ----------------------------
INSERT INTO `learning_resources` VALUES (28, '尚硅谷', '面试技巧', '2025-07-18 20:10:47.000000', '从简历制作到面试表现的完整指导', 'beginner', 180, b'1', 0, 4.8, 'video', 'active', '面试技巧,求职,职场', NULL, '面试技巧全攻略 - 尚硅谷', '2025-07-18 20:10:47.000000', 'https://www.bilibili.com/video/BV1yE411h7bH', 125000);
INSERT INTO `learning_resources` VALUES (29, '慕课网', '面试技巧', '2025-07-18 20:10:47.000000', '针对程序员的技术面试准备课程', 'intermediate', 240, b'0', 199, 4.6, 'course', 'active', '技术面试,编程,算法', NULL, '技术面试指南 - 慕课网', '2025-07-18 20:10:47.000000', 'https://www.imooc.com/learn/1329', 89000);
INSERT INTO `learning_resources` VALUES (30, '知乎专栏', '面试技巧', '2025-07-18 20:10:47.000000', 'HR面试中的经典问题和回答技巧', 'beginner', 30, b'1', 0, 4.4, 'article', 'active', 'HR面试,问题解析,沟通技巧', NULL, 'HR面试常见问题解析', '2025-07-18 20:10:47.000000', 'https://zhuanlan.zhihu.com/p/146982341', 56700);
INSERT INTO `learning_resources` VALUES (31, 'B站UP主', '面试技巧', '2025-07-18 20:10:47.000000', '群体面试和无领导小组讨论的策略', 'advanced', 120, b'1', 0, 4.5, 'video', 'active', '群面,无领导小组,团队协作', NULL, '群面技巧与无领导小组讨论', '2025-07-18 20:10:47.000000', 'https://www.bilibili.com/video/BV1fK4y1s7Qg', 43200);
INSERT INTO `learning_resources` VALUES (32, '清华大学', '面试技巧', '2025-07-18 20:10:47.000000', '专业的面试形象管理和商务礼仪', 'beginner', 90, b'1', 0, 4.2, 'course', 'active', '面试礼仪,着装,商务礼仪', NULL, '面试着装与礼仪指南', '2025-07-18 20:10:47.000000', 'https://www.xuetangx.com/course/THU08091000247/5883104', 32000);
INSERT INTO `learning_resources` VALUES (33, '黑马程序员', '技术知识', '2025-07-18 20:11:16.000000', 'Java编程语言从零开始的完整教程', 'beginner', 1200, b'1', 0, 4.9, 'video', 'active', 'Java,编程基础,后端开发', NULL, 'Java零基础入门 - 黑马程序员', '2025-07-18 20:11:16.000000', 'https://www.bilibili.com/video/BV17F411T7Ao', 2100000);
INSERT INTO `learning_resources` VALUES (34, 'freeCodeCamp', '技术知识', '2025-07-18 20:11:16.000000', 'HTML、CSS、JavaScript全栈开发', 'beginner', 300, b'1', 0, 4.7, 'course', 'active', '前端,HTML,CSS,JavaScript', NULL, '前端开发实战 - freeCodeCamp', '2025-07-18 20:11:16.000000', 'https://www.freecodecamp.org/chinese/learn/', 1800000);
INSERT INTO `learning_resources` VALUES (35, '青岛大学-王卓', '技术知识', '2025-07-18 20:11:16.000000', '计算机科学基础，面试必备算法知识', 'intermediate', 480, b'1', 0, 4.8, 'video', 'active', '数据结构,算法,编程基础', NULL, '数据结构与算法 - 青岛大学', '2025-07-18 20:11:16.000000', 'https://www.bilibili.com/video/BV1nJ411V7bd', 320000);
INSERT INTO `learning_resources` VALUES (36, '尚硅谷', '技术知识', '2025-07-18 20:11:16.000000', 'MySQL数据库从入门到精通', 'intermediate', 360, b'1', 0, 4.6, 'video', 'active', '数据库,MySQL,SQL', NULL, 'MySQL数据库教程 - 尚硅谷', '2025-07-18 20:11:16.000000', 'https://www.bilibili.com/video/BV1iq4y1u7vj', 890000);
INSERT INTO `learning_resources` VALUES (37, '吴恩达', '技术知识', '2025-07-18 20:11:16.000000', 'Stanford机器学习课程Python版', 'advanced', 600, b'0', 49, 4.9, 'course', 'active', 'Python,机器学习,AI', NULL, 'Python机器学习 - 吴恩达', '2025-07-18 20:11:16.000000', 'https://www.coursera.org/learn/machine-learning', 156000);
INSERT INTO `learning_resources` VALUES (38, '慕课网', '技术知识', '2025-07-18 20:11:16.000000', 'React前端框架从入门到实战', 'intermediate', 420, b'0', 299, 4.5, 'course', 'active', 'React,前端框架,JavaScript', NULL, 'React开发实战 - 慕课网', '2025-07-18 20:11:16.000000', 'https://www.imooc.com/learn/1045', 78000);
INSERT INTO `learning_resources` VALUES (39, '尚硅谷', '技术知识', '2025-07-18 20:11:16.000000', 'Spring Boot微服务架构实战', 'advanced', 720, b'1', 0, 4.7, 'video', 'active', 'Spring Boot,微服务,Java', NULL, 'Spring Boot微服务 - 尚硅谷', '2025-07-18 20:11:16.000000', 'https://www.bilibili.com/video/BV19K4y1L7MT', 450000);
INSERT INTO `learning_resources` VALUES (40, '脱不花', '软技能', '2025-07-18 20:11:42.000000', '提升职场沟通效率和人际关系处理', 'beginner', 180, b'0', 99, 4.3, 'course', 'active', '沟通技巧,人际关系,职场', NULL, '职场沟通技巧 - 得到', '2025-07-18 20:11:42.000000', 'https://www.dedao.cn/course/detail?id=Ya7RMqQg2OxKPNLmBrEv', 110000);
INSERT INTO `learning_resources` VALUES (41, 'Laura Vanderkam', '软技能', '2025-07-18 20:11:42.000000', '科学的时间管理方法和效率提升', 'beginner', 12, b'1', 0, 4.5, 'video', 'active', '时间管理,效率,TED', NULL, '时间管理的艺术 - TED演讲', '2025-07-18 20:11:42.000000', 'https://www.ted.com/talks/laura_vanderkam_how_to_gain_control_of_your_free_time', 2500000);
INSERT INTO `learning_resources` VALUES (42, '混沌大学', '软技能', '2025-07-18 20:11:42.000000', '团队协作技巧和领导力培养', 'intermediate', 240, b'0', 199, 4.4, 'course', 'active', '领导力,团队管理,管理技能', NULL, '领导力与团队管理 - 混沌大学', '2025-07-18 20:11:42.000000', 'https://www.hundun.cn/course/detail/1234', 65000);
INSERT INTO `learning_resources` VALUES (43, 'MIT', '软技能', '2025-07-18 20:11:42.000000', '培养创新思维和解决复杂问题的能力', 'intermediate', 160, b'1', 0, 4.2, 'course', 'active', '创新思维,问题解决,逻辑思维', NULL, '创新思维与问题解决', '2025-07-18 20:11:42.000000', 'https://www.xuetangx.com/course/MITx/6.00.2x/2T2014', 48000);
INSERT INTO `learning_resources` VALUES (44, '樊登', '软技能', '2025-07-18 20:11:42.000000', '提升情商，学会管理情绪和应对压力', 'beginner', 120, b'0', 89, 4.1, 'course', 'active', '情商,压力管理,心理健康', NULL, '情商管理与压力应对 - 樊登读书', '2025-07-18 20:11:42.000000', 'https://www.fandengreading.com/book/detail/1234', 92000);
INSERT INTO `learning_resources` VALUES (46, '36氪研究院', '行业知识', '2025-07-18 20:12:04.000000', 'AI行业发展现状和未来趋势深度分析', 'beginner', 45, b'1', 0, 4.2, 'article', 'active', 'AI,人工智能,行业报告', NULL, '人工智能行业报告2024 - 36氪', '2025-07-18 20:12:04.000000', 'https://36kr.com/p/2024-ai-industry-report', 92000);
INSERT INTO `learning_resources` VALUES (47, '三节课', '行业知识', '2025-07-18 20:12:04.000000', '互联网产品从0到1的设计方法论', 'intermediate', 300, b'0', 1999, 4.6, 'course', 'active', '产品经理,互联网,用户体验', NULL, '互联网产品经理实战 - 三节课', '2025-07-18 20:12:04.000000', 'https://www.sanjieke.cn/course/detail/1234', 130000);
INSERT INTO `learning_resources` VALUES (48, '清华五道口', '行业知识', '2025-07-18 20:12:04.000000', 'FinTech行业技术应用和商业模式分析', 'advanced', 180, b'0', 2999, 4.4, 'course', 'active', '金融科技,FinTech,区块链', NULL, '金融科技发展趋势 - 清华五道口', '2025-07-18 20:12:04.000000', 'https://www.pbcsf.tsinghua.edu.cn/fintech-course', 56000);
INSERT INTO `learning_resources` VALUES (49, '淘宝大学', '行业知识', '2025-07-18 20:12:04.000000', '电商平台运营策略和数据分析实战', 'intermediate', 240, b'0', 599, 4.3, 'course', 'active', '电商运营,数据分析,淘宝', NULL, '电商运营实战 - 淘宝大学', '2025-07-18 20:12:04.000000', 'https://daxue.taobao.com/course/detail/1234', 78000);
INSERT INTO `learning_resources` VALUES (50, '网易云课堂', '行业知识', '2025-07-18 20:12:04.000000', '社交媒体和内容营销的最新策略', 'beginner', 150, b'0', 199, 4.1, 'course', 'active', '新媒体,营销,社交媒体', NULL, '新媒体营销策略 - 网易云课堂', '2025-07-18 20:12:04.000000', 'https://study.163.com/course/courseMain.htm?courseId=1234', 64000);
INSERT INTO `learning_resources` VALUES (51, '北京大学', '行业知识', '2025-07-18 20:12:04.000000', '区块链技术原理及在各行业的应用', 'advanced', 200, b'0', 49, 4.5, 'course', 'active', '区块链,加密货币,分布式系统', NULL, '区块链技术与应用 - 北京大学', '2025-07-18 20:12:04.000000', 'https://www.coursera.org/learn/blockchain-pku', 42000);
INSERT INTO `learning_resources` VALUES (52, '阿里云大学', '行业知识', '2025-07-18 20:12:04.000000', '云计算平台和大数据处理技术', 'intermediate', 320, b'0', 299, 4.4, 'course', 'active', '云计算,大数据,阿里云', NULL, '云计算与大数据 - 阿里云大学', '2025-07-18 20:12:04.000000', 'https://edu.aliyun.com/course/1234', 89000);

-- ----------------------------
-- Table structure for resource_recommendations
-- ----------------------------
DROP TABLE IF EXISTS `resource_recommendations`;
CREATE TABLE `resource_recommendations`  (
  `id` bigint NOT NULL AUTO_INCREMENT,
  `based_on_interview_id` bigint NULL DEFAULT NULL,
  `completion_date` datetime(6) NULL DEFAULT NULL,
  `created_at` datetime(6) NULL DEFAULT NULL,
  `is_completed` bit(1) NULL DEFAULT NULL,
  `is_viewed` bit(1) NULL DEFAULT NULL,
  `priority_level` int NULL DEFAULT NULL,
  `recommendation_reason` text CHARACTER SET utf8mb4 COLLATE utf8mb4_unicode_ci NULL,
  `recommendation_score` double NULL DEFAULT NULL,
  `status` varchar(20) CHARACTER SET utf8mb4 COLLATE utf8mb4_unicode_ci NULL DEFAULT NULL,
  `updated_at` datetime(6) NULL DEFAULT NULL,
  `user_id` bigint NULL DEFAULT NULL,
  `user_rating` int NULL DEFAULT NULL,
  `weakness_areas` varchar(500) CHARACTER SET utf8mb4 COLLATE utf8mb4_unicode_ci NULL DEFAULT NULL,
  `resource_id` bigint NOT NULL,
  PRIMARY KEY (`id`) USING BTREE,
  INDEX `FK2xlmqqr60w8ojelt69ca6kun4`(`resource_id` ASC) USING BTREE,
  CONSTRAINT `FK2xlmqqr60w8ojelt69ca6kun4` FOREIGN KEY (`resource_id`) REFERENCES `learning_resources` (`id`) ON DELETE RESTRICT ON UPDATE RESTRICT
) ENGINE = InnoDB AUTO_INCREMENT = 31 CHARACTER SET = utf8mb4 COLLATE = utf8mb4_unicode_ci ROW_FORMAT = DYNAMIC;

-- ----------------------------
-- Records of resource_recommendations
-- ----------------------------
INSERT INTO `resource_recommendations` VALUES (21, 1, NULL, '2025-07-18 20:14:22.000000', b'0', b'0', 5, '基于您的面试表现，建议加强基础面试技巧，这个尚硅谷的课程非常适合初学者', 0.95, 'active', '2025-07-18 20:14:22.000000', 1, NULL, '面试技巧,表达能力', 28);
INSERT INTO `resource_recommendations` VALUES (22, 1, NULL, '2025-07-18 20:14:22.000000', b'0', b'0', 4, '您在回答HR问题时有些紧张，推荐学习这篇知乎专栏的经典问题解析', 0.88, 'active', '2025-07-18 20:14:22.000000', 1, NULL, 'HR面试,沟通技巧', 30);
INSERT INTO `resource_recommendations` VALUES (23, 1, NULL, '2025-07-18 20:14:22.000000', b'0', b'1', 5, '技术基础需要加强，青岛大学的数据结构课程讲解非常清晰', 0.92, 'active', '2025-07-18 20:14:22.000000', 1, NULL, '技术知识,算法基础', 35);
INSERT INTO `resource_recommendations` VALUES (24, 1, NULL, '2025-07-18 20:14:22.000000', b'0', b'0', 4, '职场软技能有待提升，得到的沟通课程很实用', 0.82, 'active', '2025-07-18 20:14:22.000000', 1, NULL, '软技能,沟通能力', 40);
INSERT INTO `resource_recommendations` VALUES (25, 1, NULL, '2025-07-18 20:14:22.000000', b'1', b'1', 3, '了解AI行业趋势对面试很有帮助，36氪的报告很权威', 0.75, 'active', '2025-07-18 20:14:22.000000', 1, NULL, '行业知识,AI趋势', 46);
INSERT INTO `resource_recommendations` VALUES (26, 1, NULL, '2025-07-18 20:14:22.000000', b'0', b'0', 5, 'Java是您目标岗位的核心技能，黑马程序员的教程质量很高', 0.96, 'active', '2025-07-18 20:14:22.000000', 1, NULL, '技术知识,Java编程', 33);
INSERT INTO `resource_recommendations` VALUES (27, 1, NULL, '2025-07-18 20:14:22.000000', b'0', b'1', 4, '团队协作能力需要提升，混沌大学的领导力课程很不错', 0.85, 'active', '2025-07-18 20:14:22.000000', 1, NULL, '软技能,团队协作', 42);
INSERT INTO `resource_recommendations` VALUES (28, 1, NULL, '2025-07-18 20:14:22.000000', b'0', b'0', 3, '面试形象管理很重要，清华大学的礼仪课程很专业', 0.7, 'active', '2025-07-18 20:14:22.000000', 1, NULL, '面试技巧,商务礼仪', 32);
INSERT INTO `resource_recommendations` VALUES (29, 1, NULL, '2025-07-18 20:14:22.000000', b'0', b'0', 3, '互联网产品思维对技术人员也很重要，三节课的课程很系统', 0.78, 'active', '2025-07-18 20:14:22.000000', 1, NULL, '行业知识,产品思维', 47);
INSERT INTO `resource_recommendations` VALUES (30, 1, NULL, '2025-07-18 20:14:22.000000', b'1', b'1', 2, 'TED关于时间管理的演讲很经典，只需要12分钟', 0.68, 'active', '2025-07-18 20:14:22.000000', 1, NULL, '软技能,时间管理', 41);

-- ----------------------------
-- Table structure for school_profiles
-- ----------------------------
DROP TABLE IF EXISTS `school_profiles`;
CREATE TABLE `school_profiles`  (
  `id` bigint NOT NULL AUTO_INCREMENT,
  `address` varchar(500) CHARACTER SET utf8mb4 COLLATE utf8mb4_unicode_ci NULL DEFAULT NULL,
  `contact_person` varchar(100) CHARACTER SET utf8mb4 COLLATE utf8mb4_unicode_ci NULL DEFAULT NULL,
  `created_at` datetime(6) NULL DEFAULT NULL,
  `school_code` varchar(50) CHARACTER SET utf8mb4 COLLATE utf8mb4_unicode_ci NULL DEFAULT NULL,
  `school_type` varchar(50) CHARACTER SET utf8mb4 COLLATE utf8mb4_unicode_ci NULL DEFAULT NULL,
  `updated_at` datetime(6) NULL DEFAULT NULL,
  `website` varchar(200) CHARACTER SET utf8mb4 COLLATE utf8mb4_unicode_ci NULL DEFAULT NULL,
  `user_id` bigint NOT NULL,
  PRIMARY KEY (`id`) USING BTREE,
  UNIQUE INDEX `UK_pfejgqcuvpbw69fafcps30k25`(`user_id` ASC) USING BTREE,
  CONSTRAINT `FKdmm0wkvbf0pciu6g8w8vu9gvx` FOREIGN KEY (`user_id`) REFERENCES `users` (`id`) ON DELETE RESTRICT ON UPDATE RESTRICT
) ENGINE = InnoDB CHARACTER SET = utf8mb4 COLLATE = utf8mb4_unicode_ci ROW_FORMAT = DYNAMIC;

-- ----------------------------
-- Records of school_profiles
-- ----------------------------

-- ----------------------------
-- Table structure for student_profiles
-- ----------------------------
DROP TABLE IF EXISTS `student_profiles`;
CREATE TABLE `student_profiles`  (
  `id` bigint NOT NULL AUTO_INCREMENT,
  `created_at` datetime(6) NULL DEFAULT NULL,
  `grade` varchar(20) CHARACTER SET utf8mb4 COLLATE utf8mb4_unicode_ci NULL DEFAULT NULL,
  `graduation_year` int NULL DEFAULT NULL,
  `major` varchar(100) CHARACTER SET utf8mb4 COLLATE utf8mb4_unicode_ci NULL DEFAULT NULL,
  `school_name` varchar(200) CHARACTER SET utf8mb4 COLLATE utf8mb4_unicode_ci NULL DEFAULT NULL,
  `student_id` varchar(50) CHARACTER SET utf8mb4 COLLATE utf8mb4_unicode_ci NULL DEFAULT NULL,
  `updated_at` datetime(6) NULL DEFAULT NULL,
  `user_id` bigint NOT NULL,
  PRIMARY KEY (`id`) USING BTREE,
  UNIQUE INDEX `UK_hlcwb2egnj8mj3e0mouse1lgy`(`user_id` ASC) USING BTREE,
  CONSTRAINT `FK32koy3tgqtaujxhfsn0b9pel2` FOREIGN KEY (`user_id`) REFERENCES `users` (`id`) ON DELETE RESTRICT ON UPDATE RESTRICT
) ENGINE = InnoDB AUTO_INCREMENT = 6 CHARACTER SET = utf8mb4 COLLATE = utf8mb4_unicode_ci ROW_FORMAT = DYNAMIC;

-- ----------------------------
-- Records of student_profiles
-- ----------------------------
INSERT INTO `student_profiles` VALUES (1, '2025-05-27 13:50:11.597644', '??', NULL, '?????', '????', '2024001', '2025-05-27 13:50:11.597644', 4);
INSERT INTO `student_profiles` VALUES (2, '2025-05-27 13:50:20.083642', '??', NULL, '?????', '????', '2024002', '2025-05-27 13:50:20.083642', 5);
INSERT INTO `student_profiles` VALUES (3, '2025-05-27 13:50:44.654513', NULL, NULL, NULL, NULL, NULL, '2025-05-27 13:50:44.654513', 6);
INSERT INTO `student_profiles` VALUES (4, '2025-05-27 13:53:26.085424', '大三', NULL, '软件工程', '广东理工学院', '24', '2025-05-27 13:53:26.085424', 7);
INSERT INTO `student_profiles` VALUES (5, '2025-07-04 23:48:11.576196', '大四', NULL, '计算机科学与技术', '中山大学', NULL, '2025-08-11 02:45:10.547661', 1);

-- ----------------------------
-- Table structure for user_favorites
-- ----------------------------
DROP TABLE IF EXISTS `user_favorites`;
CREATE TABLE `user_favorites`  (
  `id` bigint NOT NULL AUTO_INCREMENT,
  `created_at` datetime(6) NULL DEFAULT NULL,
  `user_id` bigint NOT NULL,
  `resource_id` bigint NOT NULL,
  PRIMARY KEY (`id`) USING BTREE,
  UNIQUE INDEX `UKopvibqv6rm6p4vg1x2ei8pqfn`(`user_id` ASC, `resource_id` ASC) USING BTREE,
  INDEX `FK8u559wob1hjsq0u0hmaoaseam`(`resource_id` ASC) USING BTREE,
  CONSTRAINT `FK8u559wob1hjsq0u0hmaoaseam` FOREIGN KEY (`resource_id`) REFERENCES `learning_resources` (`id`) ON DELETE RESTRICT ON UPDATE RESTRICT
) ENGINE = InnoDB CHARACTER SET = utf8mb4 COLLATE = utf8mb4_0900_ai_ci ROW_FORMAT = Dynamic;

-- ----------------------------
-- Records of user_favorites
-- ----------------------------

-- ----------------------------
-- Table structure for user_roles
-- ----------------------------
DROP TABLE IF EXISTS `user_roles`;
CREATE TABLE `user_roles`  (
  `id` bigint NOT NULL AUTO_INCREMENT,
  `role_name` varchar(50) CHARACTER SET utf8mb4 COLLATE utf8mb4_unicode_ci NOT NULL COMMENT '????????tudent, school, company',
  `role_description` varchar(200) CHARACTER SET utf8mb4 COLLATE utf8mb4_unicode_ci NULL DEFAULT NULL COMMENT '??????',
  `created_at` timestamp NULL DEFAULT CURRENT_TIMESTAMP,
  `updated_at` timestamp NULL DEFAULT CURRENT_TIMESTAMP ON UPDATE CURRENT_TIMESTAMP,
  PRIMARY KEY (`id`) USING BTREE,
  UNIQUE INDEX `role_name`(`role_name` ASC) USING BTREE
) ENGINE = InnoDB AUTO_INCREMENT = 5 CHARACTER SET = utf8mb4 COLLATE = utf8mb4_unicode_ci ROW_FORMAT = DYNAMIC;

-- ----------------------------
-- Records of user_roles
-- ----------------------------
INSERT INTO `user_roles` VALUES (1, 'student', '学生用户', '2025-05-27 13:29:45', '2025-05-27 13:29:45');
INSERT INTO `user_roles` VALUES (2, 'school', '学校用户', '2025-05-27 13:29:45', '2025-05-27 13:29:45');
INSERT INTO `user_roles` VALUES (3, 'company', '企业用户', '2025-05-27 13:29:45', '2025-05-27 13:29:45');

-- ----------------------------
-- Table structure for users
-- ----------------------------
DROP TABLE IF EXISTS `users`;
CREATE TABLE `users`  (
  `id` bigint NOT NULL AUTO_INCREMENT,
  `created_at` datetime(6) NULL DEFAULT NULL,
  `email` varchar(100) CHARACTER SET utf8mb4 COLLATE utf8mb4_unicode_ci NULL DEFAULT NULL,
  `last_login_time` datetime(6) NULL DEFAULT NULL,
  `password` varchar(255) CHARACTER SET utf8mb4 COLLATE utf8mb4_unicode_ci NOT NULL,
  `phone` varchar(20) CHARACTER SET utf8mb4 COLLATE utf8mb4_unicode_ci NULL DEFAULT NULL,
  `real_name` varchar(100) CHARACTER SET utf8mb4 COLLATE utf8mb4_unicode_ci NULL DEFAULT NULL,
  `status` int NULL DEFAULT NULL,
  `updated_at` datetime(6) NULL DEFAULT NULL,
  `username` varchar(100) CHARACTER SET utf8mb4 COLLATE utf8mb4_unicode_ci NOT NULL,
  `role_id` bigint NOT NULL,
  `avatar` varchar(500) CHARACTER SET utf8mb4 COLLATE utf8mb4_unicode_ci NULL DEFAULT NULL,
  PRIMARY KEY (`id`) USING BTREE,
  UNIQUE INDEX `UK_r43af9ap4edm43mmtq01oddj6`(`username` ASC) USING BTREE,
  UNIQUE INDEX `UK_6dotkott2kjsp8vw4d0m25fb7`(`email` ASC) USING BTREE,
  INDEX `FKh555fyoyldpyaltlb7jva35j2`(`role_id` ASC) USING BTREE,
  CONSTRAINT `FKh555fyoyldpyaltlb7jva35j2` FOREIGN KEY (`role_id`) REFERENCES `user_roles` (`id`) ON DELETE RESTRICT ON UPDATE RESTRICT
) ENGINE = InnoDB AUTO_INCREMENT = 14 CHARACTER SET = utf8mb4 COLLATE = utf8mb4_unicode_ci ROW_FORMAT = DYNAMIC;

-- ----------------------------
-- Records of users
-- ----------------------------
INSERT INTO `users` VALUES (1, NULL, 'student1@example.com', '2026-04-25 15:25:18.370340', 'e10adc3949ba59abbe56e057f20f883e', '13800138000', '张三', 1, '2026-04-25 15:25:18.495411', 'student1', 1, 'fa8a53ed-d59c-4393-b4e5-f79970f41ba9.png');
INSERT INTO `users` VALUES (2, NULL, 'school1@example.com', '2026-04-25 17:28:02.795337', 'e10adc3949ba59abbe56e057f20f883e', NULL, '北京大学', 1, '2026-04-25 17:28:02.828417', 'school1', 2, NULL);
INSERT INTO `users` VALUES (3, NULL, 'company1@example.com', '2026-04-25 18:04:06.284861', 'e10adc3949ba59abbe56e057f20f883e', '13800138000', 'zs', 1, '2026-04-25 18:04:06.292380', 'company1', 3, NULL);
INSERT INTO `users` VALUES (4, '2025-05-27 13:50:11.574667', 'test@example.com', NULL, 'e10adc3949ba59abbe56e057f20f883e', '13800138000', '????', 1, '2025-05-27 13:50:11.574667', 'user', 1, NULL);
INSERT INTO `users` VALUES (5, '2025-05-27 13:50:20.080651', 'test2@example.com', NULL, 'e10adc3949ba59abbe56e057f20f883e', '13800138000', '????2', 1, '2025-05-27 13:50:20.080651', 'user2', 1, NULL);
INSERT INTO `users` VALUES (6, '2025-05-27 13:50:44.651980', 'test4@example.com', '2025-05-27 13:51:03.351827', 'e10adc3949ba59abbe56e057f20f883e', '13800138000', '????4', 1, '2025-05-27 13:51:03.367748', 'user4', 1, NULL);
INSERT INTO `users` VALUES (7, '2025-05-27 13:53:26.085424', '11223344@qq.com', '2025-05-27 13:55:06.701230', '8a6f2805b4515ac12058e79e66539be9', '13547211234', '小名', 1, '2025-05-27 13:55:06.713474', '2233', 1, NULL);

-- ----------------------------
-- Table structure for video_analysis
-- ----------------------------
DROP TABLE IF EXISTS `video_analysis`;
CREATE TABLE `video_analysis`  (
  `id` bigint NOT NULL AUTO_INCREMENT,
  `average_emotion` varchar(255) CHARACTER SET utf8mb4 COLLATE utf8mb4_unicode_ci NULL DEFAULT NULL,
  `confidence` double NULL DEFAULT NULL,
  `created_at` datetime(6) NULL DEFAULT NULL,
  `duration` double NULL DEFAULT NULL,
  `user_id` bigint NULL DEFAULT NULL,
  `video_url` varchar(255) CHARACTER SET utf8mb4 COLLATE utf8mb4_unicode_ci NULL DEFAULT NULL,
  PRIMARY KEY (`id`) USING BTREE
) ENGINE = InnoDB CHARACTER SET = utf8mb4 COLLATE = utf8mb4_unicode_ci ROW_FORMAT = DYNAMIC;

-- ----------------------------
-- Records of video_analysis
-- ----------------------------

SET FOREIGN_KEY_CHECKS = 1;
